INFO buildroot.py:602:  Mock Version: 5.3
DEBUG file_util.py:18:  ensuring that dir exists: /mnt/build/mock/rhel-10.0-z-build-14019966-8969049
DEBUG file_util.py:18:  ensuring that dir exists: /mnt/build/mock/rhel-10.0-z-build-14019966-8969049/root
DEBUG file_util.py:21:  created dir: /mnt/build/mock/rhel-10.0-z-build-14019966-8969049/root
DEBUG file_util.py:18:  ensuring that dir exists: /mnt/build/mock/rhel-10.0-z-build-14019966-8969049/result
INFO buildroot.py:284:  calling preinit hooks
DEBUG util.py:636:  child environment: None
DEBUG util.py:558:  Executing command: ['/usr/bin/lscpu'] with env {'TERM': 'vt100', 'SHELL': '/bin/sh', 'HOME': '/builddir', 'HOSTNAME': 'mock', 'PATH': '/usr/bin:/bin:/usr/sbin:/sbin', 'LANG': 'C.UTF-8'} and shell False
DEBUG util.py:463:  Architecture:        aarch64
DEBUG util.py:463:  Byte Order:          Little Endian
DEBUG util.py:463:  CPU(s):              4
DEBUG util.py:463:  On-line CPU(s) list: 0-3
DEBUG util.py:463:  Thread(s) per core:  1
DEBUG util.py:463:  Core(s) per socket:  4
DEBUG util.py:463:  Socket(s):           1
DEBUG util.py:463:  NUMA node(s):        1
DEBUG util.py:463:  Vendor ID:           ARM
DEBUG util.py:463:  Model:               1
DEBUG util.py:463:  Stepping:            r1p1
DEBUG util.py:463:  BogoMIPS:            2100.00
DEBUG util.py:463:  L1d cache:           64K
DEBUG util.py:463:  L1i cache:           64K
DEBUG util.py:463:  L2 cache:            1024K
DEBUG util.py:463:  L3 cache:            32768K
DEBUG util.py:463:  NUMA node0 CPU(s):   0-3
DEBUG util.py:463:  Flags:               fp asimd evtstrm aes pmull sha1 sha2 crc32 atomics fphp asimdhp cpuid asimdrdm jscvt fcma lrcpc dcpop sha3 sm3 sm4 asimddp sha512 sve asimdfhm dit uscat ilrcpc flagm ssbs dcpodp svei8mm svebf16 i8mm bf16 dgh rng
DEBUG util.py:610:  Child return code was: 0
DEBUG util.py:636:  child environment: None
DEBUG util.py:558:  Executing command: ['/bin/free'] with env {'TERM': 'vt100', 'SHELL': '/bin/sh', 'HOME': '/builddir', 'HOSTNAME': 'mock', 'PATH': '/usr/bin:/bin:/usr/sbin:/sbin', 'LANG': 'C.UTF-8'} and shell False
DEBUG util.py:463:                total        used        free      shared  buff/cache   available
DEBUG util.py:463:  Mem:       15848832     1479872     5752896      228800     8616064    11777920
DEBUG util.py:463:  Swap:             0           0           0
DEBUG util.py:610:  Child return code was: 0
DEBUG util.py:636:  child environment: None
DEBUG util.py:558:  Executing command: ['/bin/df', '-H', '/mnt/build/mock/rhel-10.0-z-build-14019966-8969049/root', '/var/cache/mock'] with env {'TERM': 'vt100', 'SHELL': '/bin/sh', 'HOME': '/builddir', 'HOSTNAME': 'mock', 'PATH': '/usr/bin:/bin:/usr/sbin:/sbin', 'LANG': 'C.UTF-8'} and shell False
DEBUG util.py:463:  Filesystem      Size  Used Avail Use% Mounted on
DEBUG util.py:463:  /dev/nvme0n1p3  214G   13G  202G   6% /
DEBUG util.py:463:  /dev/nvme0n1p3  214G   13G  202G   6% /
DEBUG util.py:610:  Child return code was: 0
DEBUG buildroot.py:658:  create skeleton dirs
DEBUG file_util.py:18:  ensuring that dir exists: /mnt/build/mock/rhel-10.0-z-build-14019966-8969049/root/var/lib/rpm
DEBUG file_util.py:21:  created dir: /mnt/build/mock/rhel-10.0-z-build-14019966-8969049/root/var/lib/rpm
DEBUG file_util.py:18:  ensuring that dir exists: /mnt/build/mock/rhel-10.0-z-build-14019966-8969049/root/var/lib/yum
DEBUG file_util.py:21:  created dir: /mnt/build/mock/rhel-10.0-z-build-14019966-8969049/root/var/lib/yum
DEBUG file_util.py:18:  ensuring that dir exists: /mnt/build/mock/rhel-10.0-z-build-14019966-8969049/root/var/lib/dbus
DEBUG file_util.py:21:  created dir: /mnt/build/mock/rhel-10.0-z-build-14019966-8969049/root/var/lib/dbus
DEBUG file_util.py:18:  ensuring that dir exists: /mnt/build/mock/rhel-10.0-z-build-14019966-8969049/root/var/log
DEBUG file_util.py:21:  created dir: /mnt/build/mock/rhel-10.0-z-build-14019966-8969049/root/var/log
DEBUG file_util.py:18:  ensuring that dir exists: /mnt/build/mock/rhel-10.0-z-build-14019966-8969049/root/var/cache/dnf
DEBUG file_util.py:21:  created dir: /mnt/build/mock/rhel-10.0-z-build-14019966-8969049/root/var/cache/dnf
DEBUG file_util.py:18:  ensuring that dir exists: /mnt/build/mock/rhel-10.0-z-build-14019966-8969049/root/var/cache/yum
DEBUG file_util.py:21:  created dir: /mnt/build/mock/rhel-10.0-z-build-14019966-8969049/root/var/cache/yum
DEBUG file_util.py:18:  ensuring that dir exists: /mnt/build/mock/rhel-10.0-z-build-14019966-8969049/root/etc/rpm
DEBUG file_util.py:21:  created dir: /mnt/build/mock/rhel-10.0-z-build-14019966-8969049/root/etc/rpm
DEBUG file_util.py:18:  ensuring that dir exists: /mnt/build/mock/rhel-10.0-z-build-14019966-8969049/root/tmp
DEBUG file_util.py:21:  created dir: /mnt/build/mock/rhel-10.0-z-build-14019966-8969049/root/tmp
DEBUG file_util.py:18:  ensuring that dir exists: /mnt/build/mock/rhel-10.0-z-build-14019966-8969049/root/tmp/ccache
DEBUG file_util.py:21:  created dir: /mnt/build/mock/rhel-10.0-z-build-14019966-8969049/root/tmp/ccache
DEBUG file_util.py:18:  ensuring that dir exists: /mnt/build/mock/rhel-10.0-z-build-14019966-8969049/root/var/tmp
DEBUG file_util.py:21:  created dir: /mnt/build/mock/rhel-10.0-z-build-14019966-8969049/root/var/tmp
DEBUG file_util.py:18:  ensuring that dir exists: /mnt/build/mock/rhel-10.0-z-build-14019966-8969049/root/etc/dnf
DEBUG file_util.py:21:  created dir: /mnt/build/mock/rhel-10.0-z-build-14019966-8969049/root/etc/dnf
DEBUG file_util.py:18:  ensuring that dir exists: /mnt/build/mock/rhel-10.0-z-build-14019966-8969049/root/etc/dnf/vars
DEBUG file_util.py:21:  created dir: /mnt/build/mock/rhel-10.0-z-build-14019966-8969049/root/etc/dnf/vars
DEBUG file_util.py:18:  ensuring that dir exists: /mnt/build/mock/rhel-10.0-z-build-14019966-8969049/root/etc/yum.repos.d
DEBUG file_util.py:21:  created dir: /mnt/build/mock/rhel-10.0-z-build-14019966-8969049/root/etc/yum.repos.d
DEBUG file_util.py:18:  ensuring that dir exists: /mnt/build/mock/rhel-10.0-z-build-14019966-8969049/root/etc/yum
DEBUG file_util.py:21:  created dir: /mnt/build/mock/rhel-10.0-z-build-14019966-8969049/root/etc/yum
DEBUG file_util.py:18:  ensuring that dir exists: /mnt/build/mock/rhel-10.0-z-build-14019966-8969049/root/proc
DEBUG file_util.py:21:  created dir: /mnt/build/mock/rhel-10.0-z-build-14019966-8969049/root/proc
DEBUG file_util.py:18:  ensuring that dir exists: /mnt/build/mock/rhel-10.0-z-build-14019966-8969049/root/sys
DEBUG file_util.py:21:  created dir: /mnt/build/mock/rhel-10.0-z-build-14019966-8969049/root/sys
DEBUG file_util.py:18:  ensuring that dir exists: /mnt/build/mock/rhel-10.0-z-build-14019966-8969049/root/dev/pts
DEBUG file_util.py:21:  created dir: /mnt/build/mock/rhel-10.0-z-build-14019966-8969049/root/dev/pts
DEBUG file_util.py:18:  ensuring that dir exists: /mnt/build/mock/rhel-10.0-z-build-14019966-8969049/root/dev/shm
DEBUG file_util.py:21:  created dir: /mnt/build/mock/rhel-10.0-z-build-14019966-8969049/root/dev/shm
DEBUG file_util.py:18:  ensuring that dir exists: /mnt/build/mock/rhel-10.0-z-build-14019966-8969049/root/dev/mapper
DEBUG file_util.py:21:  created dir: /mnt/build/mock/rhel-10.0-z-build-14019966-8969049/root/dev/mapper
DEBUG buildroot.py:802:  kernel version == 4.18.0-553.63.1.el8_10.aarch64
DEBUG file_util.py:30:  touching file: /mnt/build/mock/rhel-10.0-z-build-14019966-8969049/root/etc/fstab
DEBUG file_util.py:30:  touching file: /mnt/build/mock/rhel-10.0-z-build-14019966-8969049/root/etc/yum/yum.conf
DEBUG file_util.py:30:  touching file: /mnt/build/mock/rhel-10.0-z-build-14019966-8969049/root/etc/dnf/dnf.conf
DEBUG file_util.py:30:  touching file: /mnt/build/mock/rhel-10.0-z-build-14019966-8969049/root/var/log/yum.log
DEBUG buildroot.py:298:  rootdir = /mnt/build/mock/rhel-10.0-z-build-14019966-8969049/root
DEBUG buildroot.py:299:  resultdir = /mnt/build/mock/rhel-10.0-z-build-14019966-8969049/result
DEBUG package_manager.py:56:  searching for 'dnf' package manager or alternatives
INFO buildroot.py:175:  Package manager dnf detected and used (fallback)
DEBUG file_util.py:18:  ensuring that dir exists: /mnt/build/mock/rhel-10.0-z-build-14019966-8969049/root/etc/pki/mock
DEBUG file_util.py:21:  created dir: /mnt/build/mock/rhel-10.0-z-build-14019966-8969049/root/etc/pki/mock
DEBUG file_util.py:158:  Updating files in /mnt/build/mock/rhel-10.0-z-build-14019966-8969049/root/etc/pki/ca-trust with files from /etc/pki/ca-trust
DEBUG file_util.py:18:  ensuring that dir exists: /mnt/build/mock/rhel-10.0-z-build-14019966-8969049/root/etc/pki/ca-trust
DEBUG file_util.py:21:  created dir: /mnt/build/mock/rhel-10.0-z-build-14019966-8969049/root/etc/pki/ca-trust
DEBUG file_util.py:18:  ensuring that dir exists: /mnt/build/mock/rhel-10.0-z-build-14019966-8969049/root/etc/pki/ca-trust/./extracted
DEBUG file_util.py:21:  created dir: /mnt/build/mock/rhel-10.0-z-build-14019966-8969049/root/etc/pki/ca-trust/./extracted
DEBUG file_util.py:18:  ensuring that dir exists: /mnt/build/mock/rhel-10.0-z-build-14019966-8969049/root/etc/pki/ca-trust/./source
DEBUG file_util.py:21:  created dir: /mnt/build/mock/rhel-10.0-z-build-14019966-8969049/root/etc/pki/ca-trust/./source
DEBUG file_util.py:18:  ensuring that dir exists: /mnt/build/mock/rhel-10.0-z-build-14019966-8969049/root/etc/pki/ca-trust/extracted/edk2
DEBUG file_util.py:21:  created dir: /mnt/build/mock/rhel-10.0-z-build-14019966-8969049/root/etc/pki/ca-trust/extracted/edk2
DEBUG file_util.py:18:  ensuring that dir exists: /mnt/build/mock/rhel-10.0-z-build-14019966-8969049/root/etc/pki/ca-trust/extracted/java
DEBUG file_util.py:21:  created dir: /mnt/build/mock/rhel-10.0-z-build-14019966-8969049/root/etc/pki/ca-trust/extracted/java
DEBUG file_util.py:18:  ensuring that dir exists: /mnt/build/mock/rhel-10.0-z-build-14019966-8969049/root/etc/pki/ca-trust/extracted/openssl
DEBUG file_util.py:21:  created dir: /mnt/build/mock/rhel-10.0-z-build-14019966-8969049/root/etc/pki/ca-trust/extracted/openssl
DEBUG file_util.py:18:  ensuring that dir exists: /mnt/build/mock/rhel-10.0-z-build-14019966-8969049/root/etc/pki/ca-trust/extracted/pem
DEBUG file_util.py:21:  created dir: /mnt/build/mock/rhel-10.0-z-build-14019966-8969049/root/etc/pki/ca-trust/extracted/pem
DEBUG file_util.py:18:  ensuring that dir exists: /mnt/build/mock/rhel-10.0-z-build-14019966-8969049/root/etc/pki/ca-trust/source/anchors
DEBUG file_util.py:21:  created dir: /mnt/build/mock/rhel-10.0-z-build-14019966-8969049/root/etc/pki/ca-trust/source/anchors
DEBUG file_util.py:18:  ensuring that dir exists: /mnt/build/mock/rhel-10.0-z-build-14019966-8969049/root/etc/pki/ca-trust/source/blacklist
DEBUG file_util.py:21:  created dir: /mnt/build/mock/rhel-10.0-z-build-14019966-8969049/root/etc/pki/ca-trust/source/blacklist
DEBUG file_util.py:158:  Updating files in /mnt/build/mock/rhel-10.0-z-build-14019966-8969049/root/usr/share/pki/ca-trust-source with files from /usr/share/pki/ca-trust-source
DEBUG file_util.py:18:  ensuring that dir exists: /mnt/build/mock/rhel-10.0-z-build-14019966-8969049/root/usr/share/pki/ca-trust-source
DEBUG file_util.py:21:  created dir: /mnt/build/mock/rhel-10.0-z-build-14019966-8969049/root/usr/share/pki/ca-trust-source
DEBUG file_util.py:18:  ensuring that dir exists: /mnt/build/mock/rhel-10.0-z-build-14019966-8969049/root/usr/share/pki/ca-trust-source/./anchors
DEBUG file_util.py:21:  created dir: /mnt/build/mock/rhel-10.0-z-build-14019966-8969049/root/usr/share/pki/ca-trust-source/./anchors
DEBUG file_util.py:18:  ensuring that dir exists: /mnt/build/mock/rhel-10.0-z-build-14019966-8969049/root/usr/share/pki/ca-trust-source/./blacklist
DEBUG file_util.py:21:  created dir: /mnt/build/mock/rhel-10.0-z-build-14019966-8969049/root/usr/share/pki/ca-trust-source/./blacklist
DEBUG file_util.py:18:  ensuring that dir exists: /mnt/build/mock/rhel-10.0-z-build-14019966-8969049/root/etc/dnf
DEBUG package_manager.py:689:  configure DNF vars
DEBUG file_util.py:18:  ensuring that dir exists: /mnt/build/mock/rhel-10.0-z-build-14019966-8969049/root/etc
DEBUG file_util.py:18:  ensuring that dir exists: /mnt/build/mock/rhel-10.0-z-build-14019966-8969049/root/etc
DEBUG file_util.py:18:  ensuring that dir exists: /mnt/build/mock/rhel-10.0-z-build-14019966-8969049/root/proc
DEBUG util.py:636:  child environment: None
DEBUG util.py:558:  Executing command: ['/bin/mount', '-n', '-t', 'tmpfs', '-o', 'rprivate,mode=0755', 'tmpfs', '/mnt/build/mock/rhel-10.0-z-build-14019966-8969049/root/proc'] with env {'TERM': 'vt100', 'SHELL': '/bin/sh', 'HOME': '/builddir', 'HOSTNAME': 'mock', 'PATH': '/usr/bin:/bin:/usr/sbin:/sbin', 'LANG': 'C.UTF-8'} and shell False
DEBUG util.py:610:  Child return code was: 0
DEBUG file_util.py:18:  ensuring that dir exists: /mnt/build/mock/rhel-10.0-z-build-14019966-8969049/root/proc
DEBUG util.py:636:  child environment: None
DEBUG util.py:558:  Executing command: ['/bin/mount', '-n', '-o', 'rbind', '/proc', '/mnt/build/mock/rhel-10.0-z-build-14019966-8969049/root/proc'] with env {'TERM': 'vt100', 'SHELL': '/bin/sh', 'HOME': '/builddir', 'HOSTNAME': 'mock', 'PATH': '/usr/bin:/bin:/usr/sbin:/sbin', 'LANG': 'C.UTF-8'} and shell False
DEBUG util.py:610:  Child return code was: 0
DEBUG util.py:636:  child environment: None
DEBUG util.py:558:  Executing command: ['/bin/mount', '-n', '-o', 'remount,nodev,noexec,nosuid,readonly,rprivate,rbind', '--target', '/mnt/build/mock/rhel-10.0-z-build-14019966-8969049/root/proc'] with env {'TERM': 'vt100', 'SHELL': '/bin/sh', 'HOME': '/builddir', 'HOSTNAME': 'mock', 'PATH': '/usr/bin:/bin:/usr/sbin:/sbin', 'LANG': 'C.UTF-8'} and shell False
DEBUG util.py:610:  Child return code was: 0
DEBUG file_util.py:18:  ensuring that dir exists: /mnt/build/mock/rhel-10.0-z-build-14019966-8969049/root/sys
DEBUG util.py:636:  child environment: None
DEBUG util.py:558:  Executing command: ['/bin/mount', '-n', '-t', 'tmpfs', '-o', 'rprivate,mode=0755', 'tmpfs', '/mnt/build/mock/rhel-10.0-z-build-14019966-8969049/root/sys'] with env {'TERM': 'vt100', 'SHELL': '/bin/sh', 'HOME': '/builddir', 'HOSTNAME': 'mock', 'PATH': '/usr/bin:/bin:/usr/sbin:/sbin', 'LANG': 'C.UTF-8'} and shell False
DEBUG util.py:610:  Child return code was: 0
DEBUG file_util.py:18:  ensuring that dir exists: /mnt/build/mock/rhel-10.0-z-build-14019966-8969049/root/sys
DEBUG util.py:636:  child environment: None
DEBUG util.py:558:  Executing command: ['/bin/mount', '-n', '-o', 'rbind', '/sys', '/mnt/build/mock/rhel-10.0-z-build-14019966-8969049/root/sys'] with env {'TERM': 'vt100', 'SHELL': '/bin/sh', 'HOME': '/builddir', 'HOSTNAME': 'mock', 'PATH': '/usr/bin:/bin:/usr/sbin:/sbin', 'LANG': 'C.UTF-8'} and shell False
DEBUG util.py:610:  Child return code was: 0
DEBUG util.py:636:  child environment: None
DEBUG util.py:558:  Executing command: ['/bin/mount', '-n', '-o', 'remount,nodev,noexec,nosuid,readonly,rprivate,rbind', '--target', '/mnt/build/mock/rhel-10.0-z-build-14019966-8969049/root/sys'] with env {'TERM': 'vt100', 'SHELL': '/bin/sh', 'HOME': '/builddir', 'HOSTNAME': 'mock', 'PATH': '/usr/bin:/bin:/usr/sbin:/sbin', 'LANG': 'C.UTF-8'} and shell False
DEBUG util.py:610:  Child return code was: 0
DEBUG file_util.py:18:  ensuring that dir exists: /mnt/build/mock/rhel-10.0-z-build-14019966-8969049/root/dev/shm
DEBUG util.py:636:  child environment: None
DEBUG util.py:558:  Executing command: ['/bin/mount', '-n', '-t', 'tmpfs', 'tmpfs', '/mnt/build/mock/rhel-10.0-z-build-14019966-8969049/root/dev/shm'] with env {'TERM': 'vt100', 'SHELL': '/bin/sh', 'HOME': '/builddir', 'HOSTNAME': 'mock', 'PATH': '/usr/bin:/bin:/usr/sbin:/sbin', 'LANG': 'C.UTF-8'} and shell False
DEBUG util.py:610:  Child return code was: 0
DEBUG file_util.py:18:  ensuring that dir exists: /mnt/build/mock/rhel-10.0-z-build-14019966-8969049/root/dev/pts
DEBUG util.py:636:  child environment: None
DEBUG util.py:558:  Executing command: ['/bin/mount', '-n', '-t', 'devpts', '-o', 'gid=5,mode=0620,ptmxmode=0666,newinstance', 'devpts', '/mnt/build/mock/rhel-10.0-z-build-14019966-8969049/root/dev/pts'] with env {'TERM': 'vt100', 'SHELL': '/bin/sh', 'HOME': '/builddir', 'HOSTNAME': 'mock', 'PATH': '/usr/bin:/bin:/usr/sbin:/sbin', 'LANG': 'C.UTF-8'} and shell False
DEBUG util.py:610:  Child return code was: 0
DEBUG util.py:636:  child environment: None
DEBUG util.py:558:  Executing command: ['/bin/mount', '-n', '-o', 'bind', '/tmp/mock-selinux-plugin.f8u8xnv4', '/mnt/build/mock/rhel-10.0-z-build-14019966-8969049/root/proc/filesystems'] with env {'TERM': 'vt100', 'SHELL': '/bin/sh', 'HOME': '/builddir', 'HOSTNAME': 'mock', 'PATH': '/usr/bin:/bin:/usr/sbin:/sbin', 'LANG': 'C.UTF-8'} and shell False
DEBUG util.py:610:  Child return code was: 0
DEBUG file_util.py:18:  ensuring that dir exists: /mnt/build/mock/rhel-10.0-z-build-14019966-8969049/root/sys/fs/selinux
DEBUG util.py:636:  child environment: None
DEBUG util.py:558:  Executing command: ['/bin/mount', '-n', '-t', 'tmpfs', 'tmpfs', '/mnt/build/mock/rhel-10.0-z-build-14019966-8969049/root/sys/fs/selinux'] with env {'TERM': 'vt100', 'SHELL': '/bin/sh', 'HOME': '/builddir', 'HOSTNAME': 'mock', 'PATH': '/usr/bin:/bin:/usr/sbin:/sbin', 'LANG': 'C.UTF-8'} and shell False
DEBUG util.py:610:  Child return code was: 0
DEBUG file_util.py:18:  ensuring that dir exists: /mnt/build/mock/rhel-10.0-z-build-14019966-8969049/root/installation-homedir
DEBUG file_util.py:21:  created dir: /mnt/build/mock/rhel-10.0-z-build-14019966-8969049/root/installation-homedir
DEBUG package_manager.py:289:  ['/usr/bin/dnf-3', '--installroot', '/mnt/build/mock/rhel-10.0-z-build-14019966-8969049/root/', '--setopt=deltarpm=False', '--setopt=allow_vendor_change=yes', '--allowerasing', '--disableplugin=local', '--disableplugin=spacewalk', '--disableplugin=versionlock', 'install', '@build']
DEBUG util.py:636:  child environment: None
DEBUG util.py:558:  Executing command: ['/usr/bin/dnf-3', '--installroot', '/mnt/build/mock/rhel-10.0-z-build-14019966-8969049/root/', '--setopt=deltarpm=False', '--setopt=allow_vendor_change=yes', '--allowerasing', '--disableplugin=local', '--disableplugin=spacewalk', '--disableplugin=versionlock', 'install', '@build', '--setopt=tsflags=nocontexts'] with env {'TERM': 'vt100', 'SHELL': '/bin/bash', 'HOME': '/mnt/build/mock/rhel-10.0-z-build-14019966-8969049/root/installation-homedir', 'HOSTNAME': 'mock', 'PATH': '/usr/bin:/bin:/usr/sbin:/sbin', 'PROMPT_COMMAND': 'printf "\\033]0;<mock-chroot>\\007"', 'PS1': '<mock-chroot> \\s-\\v\\$ ', 'LANG': 'C.UTF-8', 'LC_MESSAGES': 'C.UTF-8'} and shell False
DEBUG util.py:461:  Unable to detect release version (use '--releasever' to specify release version)
DEBUG util.py:461:  No matches found for the following disable plugin patterns: local, spacewalk
DEBUG util.py:461:  /usr/lib/python3.6/site-packages/requests/__init__.py:91: RequestsDependencyWarning: urllib3 (1.26.18) or chardet (3.0.4) doesn't match a supported version!
DEBUG util.py:461:    RequestsDependencyWarning)
DEBUG util.py:463:  Updating Subscription Management repositories.
DEBUG util.py:463:  Unable to read consumer identity
DEBUG util.py:463:  This system is not registered with an entitlement server. You can use subscription-manager to register.
DEBUG util.py:463:  Last metadata expiration check: 0:00:03 ago on Mon Aug 25 20:40:16 2025.
DEBUG util.py:463:  Dependencies resolved.
DEBUG util.py:463:  ================================================================================
DEBUG util.py:463:   Package                     Arch    Version                        Repo   Size
DEBUG util.py:463:  ================================================================================
DEBUG util.py:463:  Installing group/module packages:
DEBUG util.py:463:   bash                        aarch64 5.2.26-6.el10                  build 1.8 M
DEBUG util.py:463:   bzip2                       aarch64 1.0.8-25.el10                  build  50 k
DEBUG util.py:463:   coreutils                   aarch64 9.5-6.el10                     build 1.0 M
DEBUG util.py:463:   cpio                        aarch64 2.15-3.el10                    build 283 k
DEBUG util.py:463:   diffutils                   aarch64 3.10-8.el10                    build 395 k
DEBUG util.py:463:   findutils                   aarch64 1:4.10.0-5.el10                build 545 k
DEBUG util.py:463:   gawk                        aarch64 5.3.0-6.el10                   build 1.0 M
DEBUG util.py:463:   glibc-minimal-langpack      aarch64 2.39-46.el10_0                 build  55 k
DEBUG util.py:463:   grep                        aarch64 3.11-10.el10                   build 287 k
DEBUG util.py:463:   gzip                        aarch64 1.13-3.el10                    build 163 k
DEBUG util.py:463:   info                        aarch64 7.1-6.el10                     build 181 k
DEBUG util.py:463:   make                        aarch64 1:4.4.1-9.el10                 build 577 k
DEBUG util.py:463:   patch                       aarch64 2.7.6-26.el10                  build 129 k
DEBUG util.py:463:   redhat-ca-certificate       noarch  1.1.0-2.el8eng                 build 8.2 k
DEBUG util.py:463:   redhat-release              aarch64 10.0-32.el10                   build  38 k
DEBUG util.py:463:   redhat-rpm-config           noarch  289-1.el10_0.1                 build  72 k
DEBUG util.py:463:   rpm-build                   aarch64 4.19.1.1-12.el10               build  68 k
DEBUG util.py:463:   sed                         aarch64 4.9-3.el10                     build 307 k
DEBUG util.py:463:   shadow-utils                aarch64 2:4.15.0-5.el10                build 1.3 M
DEBUG util.py:463:   tar                         aarch64 2:1.35-7.el10                  build 844 k
DEBUG util.py:463:   unzip                       aarch64 6.0-68.el10                    build 184 k
DEBUG util.py:463:   util-linux                  aarch64 2.40.2-10.el10                 build 1.1 M
DEBUG util.py:463:   which                       aarch64 2.21-44.el10_0                 build  41 k
DEBUG util.py:463:   xz                          aarch64 1:5.6.2-4.el10_0               build 457 k
DEBUG util.py:463:  Installing dependencies:
DEBUG util.py:463:   alternatives                aarch64 1.30-2.el10                    build  40 k
DEBUG util.py:463:   audit-libs                  aarch64 4.0.3-1.el10                   build 125 k
DEBUG util.py:463:   authselect                  aarch64 1.5.0-8.el10                   build 140 k
DEBUG util.py:463:   authselect-libs             aarch64 1.5.0-8.el10                   build 202 k
DEBUG util.py:463:   basesystem                  noarch  11-22.el10                     build 7.2 k
DEBUG util.py:463:   binutils                    aarch64 2.41-53.el10                   build 6.6 M
DEBUG util.py:463:   binutils-gold               aarch64 2.41-53.el10                   build 940 k
DEBUG util.py:463:   bzip2-libs                  aarch64 1.0.8-25.el10                  build  41 k
DEBUG util.py:463:   ca-certificates             noarch  2024.2.69_v8.0.303-102.3.el10  build 940 k
DEBUG util.py:463:   coreutils-common            aarch64 9.5-6.el10                     build 2.1 M
DEBUG util.py:463:   cracklib                    aarch64 2.9.11-8.el10                  build  83 k
DEBUG util.py:463:   cracklib-dicts              aarch64 2.9.11-8.el10                  build 3.6 M
DEBUG util.py:463:   crypto-policies             noarch  20250214-1.gitfd9b9b9.el10_0.1 build  65 k
DEBUG util.py:463:   curl                        aarch64 8.9.1-5.el10                   build 307 k
DEBUG util.py:463:   cyrus-sasl-lib              aarch64 2.1.28-27.el10                 build 102 k
DEBUG util.py:463:   debugedit                   aarch64 5.1-5.el10_0                   build  78 k
DEBUG util.py:463:   dwz                         aarch64 0.15-7.el10                    build 135 k
DEBUG util.py:463:   ed                          aarch64 1.20-5.el10                    build  81 k
DEBUG util.py:463:   efi-srpm-macros             noarch  6-6.el10                       build  23 k
DEBUG util.py:463:   elfutils                    aarch64 0.192-6.el10_0                 build 531 k
DEBUG util.py:463:   elfutils-debuginfod-client  aarch64 0.192-6.el10_0                 build  45 k
DEBUG util.py:463:   elfutils-default-yama-scope noarch  0.192-6.el10_0                 build  12 k
DEBUG util.py:463:   elfutils-libelf             aarch64 0.192-6.el10_0                 build 207 k
DEBUG util.py:463:   elfutils-libs               aarch64 0.192-6.el10_0                 build 259 k
DEBUG util.py:463:   file                        aarch64 5.45-7.el10                    build  49 k
DEBUG util.py:463:   file-libs                   aarch64 5.45-7.el10                    build 762 k
DEBUG util.py:463:   filesystem                  aarch64 3.18-16.el10                   build 1.1 M
DEBUG util.py:463:   fonts-srpm-macros           noarch  1:2.0.5-18.el10                build  26 k
DEBUG util.py:463:   forge-srpm-macros           noarch  0.4.0-6.el10                   build  20 k
DEBUG util.py:463:   gdb-minimal                 aarch64 14.2-4.1.el10_0                build 3.7 M
DEBUG util.py:463:   gdbm                        aarch64 1:1.23-12.el10_0               build 146 k
DEBUG util.py:463:   gdbm-libs                   aarch64 1:1.23-12.el10_0               build  56 k
DEBUG util.py:463:   glibc                       aarch64 2.39-46.el10_0                 build 1.7 M
DEBUG util.py:463:   glibc-common                aarch64 2.39-46.el10_0                 build 326 k
DEBUG util.py:463:   glibc-gconv-extra           aarch64 2.39-46.el10_0                 build 1.6 M
DEBUG util.py:463:   gmp                         aarch64 1:6.2.1-10.el10                build 266 k
DEBUG util.py:463:   go-srpm-macros              noarch  3.6.0-4.el10                   build  27 k
DEBUG util.py:463:   jansson                     aarch64 2.14-3.el10                    build  46 k
DEBUG util.py:463:   json-c                      aarch64 0.18-3.el10                    build  45 k
DEBUG util.py:463:   kernel-srpm-macros          noarch  1.0-25.el10                    build 9.7 k
DEBUG util.py:463:   keyutils-libs               aarch64 1.6.3-5.el10                   build  32 k
DEBUG util.py:463:   krb5-libs                   aarch64 1.21.3-8.el10_0                build 759 k
DEBUG util.py:463:   libacl                      aarch64 2.3.2-4.el10                   build  25 k
DEBUG util.py:463:   libarchive                  aarch64 3.7.7-4.el10_0                 build 407 k
DEBUG util.py:463:   libattr                     aarch64 2.5.2-5.el10                   build  18 k
DEBUG util.py:463:   libblkid                    aarch64 2.40.2-10.el10                 build 124 k
DEBUG util.py:463:   libbrotli                   aarch64 1.1.0-6.el10                   build 345 k
DEBUG util.py:463:   libcap                      aarch64 2.69-7.el10                    build  86 k
DEBUG util.py:463:   libcap-ng                   aarch64 0.8.4-6.el10                   build  32 k
DEBUG util.py:463:   libcom_err                  aarch64 1.47.1-3.el10                  build  26 k
DEBUG util.py:463:   libcurl                     aarch64 8.9.1-5.el10                   build 352 k
DEBUG util.py:463:   libeconf                    aarch64 0.6.2-4.el10                   build  32 k
DEBUG util.py:463:   libevent                    aarch64 2.1.12-16.el10                 build 253 k
DEBUG util.py:463:   libfdisk                    aarch64 2.40.2-10.el10                 build 156 k
DEBUG util.py:463:   libffi                      aarch64 3.4.4-9.el10                   build  37 k
DEBUG util.py:463:   libgcc                      aarch64 14.2.1-7.el10                  build 117 k
DEBUG util.py:463:   libgomp                     aarch64 14.2.1-7.el10                  build 343 k
DEBUG util.py:463:   libidn2                     aarch64 2.3.7-3.el10                   build 113 k
DEBUG util.py:463:   libmount                    aarch64 2.40.2-10.el10                 build 154 k
DEBUG util.py:463:   libnghttp2                  aarch64 1.64.0-2.el10                  build  76 k
DEBUG util.py:463:   libpkgconf                  aarch64 2.1.0-3.el10                   build  38 k
DEBUG util.py:463:   libpsl                      aarch64 0.21.5-6.el10                  build  64 k
DEBUG util.py:463:   libpwquality                aarch64 1.4.5-12.el10                  build 108 k
DEBUG util.py:463:   libselinux                  aarch64 3.8-2.el10_0                   build  95 k
DEBUG util.py:463:   libsemanage                 aarch64 3.8.1-1.el10_0                 build 118 k
DEBUG util.py:463:   libsepol                    aarch64 3.8-1.el10                     build 329 k
DEBUG util.py:463:   libsmartcols                aarch64 2.40.2-10.el10                 build  83 k
DEBUG util.py:463:   libssh                      aarch64 0.11.1-1.el10                  build 232 k
DEBUG util.py:463:   libssh-config               noarch  0.11.1-1.el10                  build 8.6 k
DEBUG util.py:463:   libstdc++                   aarch64 14.2.1-7.el10                  build 794 k
DEBUG util.py:463:   libtasn1                    aarch64 4.20.0-1.el10                  build  73 k
DEBUG util.py:463:   libunistring                aarch64 1.1-10.el10                    build 539 k
DEBUG util.py:463:   libutempter                 aarch64 1.2.1-15.el10                  build  27 k
DEBUG util.py:463:   libuuid                     aarch64 2.40.2-10.el10                 build  29 k
DEBUG util.py:463:   libverto                    aarch64 0.3.2-10.el10                  build  21 k
DEBUG util.py:463:   libxcrypt                   aarch64 4.4.36-10.el10                 build 123 k
DEBUG util.py:463:   libxml2                     aarch64 2.12.5-9.el10_0                build 673 k
DEBUG util.py:463:   libzstd                     aarch64 1.5.5-9.el10                   build 284 k
DEBUG util.py:463:   lua-libs                    aarch64 5.4.6-7.el10                   build 129 k
DEBUG util.py:463:   lua-srpm-macros             noarch  1-15.el10                      build 8.7 k
DEBUG util.py:463:   lz4-libs                    aarch64 1.9.4-8.el10                   build  67 k
DEBUG util.py:463:   mpfr                        aarch64 4.2.1-5.el10                   build 324 k
DEBUG util.py:463:   ncurses-base                noarch  6.4-14.20240127.el10           build  64 k
DEBUG util.py:463:   ncurses-libs                aarch64 6.4-14.20240127.el10           build 323 k
DEBUG util.py:463:   ocaml-srpm-macros           noarch  10-4.el10                      build 9.1 k
DEBUG util.py:463:   openblas-srpm-macros        noarch  2-19.el10                      build 7.6 k
DEBUG util.py:463:   openldap                    aarch64 2.6.8-3.el10                   build 218 k
DEBUG util.py:463:   openssl-fips-provider       aarch64 3.0.7-6.el10                   build 7.9 k
DEBUG util.py:463:   openssl-fips-provider-so    aarch64 3.0.7-6.el10                   build 511 k
DEBUG util.py:463:   openssl-libs                aarch64 1:3.2.2-16.el10_0.4            build 1.9 M
DEBUG util.py:463:   p11-kit                     aarch64 0.25.5-7.el10                  build 463 k
DEBUG util.py:463:   p11-kit-trust               aarch64 0.25.5-7.el10                  build 134 k
DEBUG util.py:463:   package-notes-srpm-macros   noarch  0.5-13.el10                    build 9.1 k
DEBUG util.py:463:   pam                         aarch64 1.6.1-7.el10                   build 516 k
DEBUG util.py:463:   pam-libs                    aarch64 1.6.1-7.el10                   build  57 k
DEBUG util.py:463:   pcre2                       aarch64 10.44-1.el10.3                 build 226 k
DEBUG util.py:463:   pcre2-syntax                noarch  10.44-1.el10.3                 build 150 k
DEBUG util.py:463:   perl-srpm-macros            noarch  1-57.el10                      build 8.4 k
DEBUG util.py:463:   pkgconf                     aarch64 2.1.0-3.el10                   build  43 k
DEBUG util.py:463:   pkgconf-m4                  noarch  2.1.0-3.el10                   build  14 k
DEBUG util.py:463:   pkgconf-pkg-config          aarch64 2.1.0-3.el10                   build 9.7 k
DEBUG util.py:463:   popt                        aarch64 1.19-8.el10                    build  59 k
DEBUG util.py:463:   publicsuffix-list-dafsa     noarch  20240107-5.el10                build  58 k
DEBUG util.py:463:   pyproject-srpm-macros       noarch  1.16.2-1.el10                  build  14 k
DEBUG util.py:463:   python-srpm-macros          noarch  3.12-9.1.el10                  build  23 k
DEBUG util.py:463:   qt6-srpm-macros             noarch  6.8.1-3.el10                   build 9.7 k
DEBUG util.py:463:   readline                    aarch64 8.2-11.el10                    build 211 k
DEBUG util.py:463:   rpm                         aarch64 4.19.1.1-12.el10               build 506 k
DEBUG util.py:463:   rpm-build-libs              aarch64 4.19.1.1-12.el10               build  89 k
DEBUG util.py:463:   rpm-libs                    aarch64 4.19.1.1-12.el10               build 298 k
DEBUG util.py:463:   rpm-sequoia                 aarch64 1.6.0-6.el10                   build 814 k
DEBUG util.py:463:   rust-toolset-srpm-macros    noarch  1.84.1-1.el10                  build  12 k
DEBUG util.py:463:   setup                       noarch  2.14.5-4.el10                  build 147 k
DEBUG util.py:463:   sqlite-libs                 aarch64 3.46.1-5.el10_0                build 730 k
DEBUG util.py:463:   systemd-libs                aarch64 257-9.el10_0.1                 build 774 k
DEBUG util.py:463:   util-linux-core             aarch64 2.40.2-10.el10                 build 511 k
DEBUG util.py:463:   xz-libs                     aarch64 1:5.6.2-4.el10_0               build 109 k
DEBUG util.py:463:   zip                         aarch64 3.0-44.el10                    build 261 k
DEBUG util.py:463:   zlib-ng-compat              aarch64 2.2.3-1.el10                   build  61 k
DEBUG util.py:463:   zstd                        aarch64 1.5.5-9.el10                   build 453 k
DEBUG util.py:463:  Installing Groups:
DEBUG util.py:463:   build                                                                         
DEBUG util.py:463:  Transaction Summary
DEBUG util.py:463:  ================================================================================
DEBUG util.py:463:  Install  144 Packages
DEBUG util.py:463:  Total download size: 54 M
DEBUG util.py:463:  Installed size: 213 M
DEBUG util.py:463:  Downloading Packages:
DEBUG util.py:463:  --------------------------------------------------------------------------------
DEBUG util.py:463:  Total                                            23 MB/s |  54 MB     00:02     
DEBUG util.py:463:  Running transaction check
DEBUG util.py:463:  Transaction check succeeded.
DEBUG util.py:463:  Running transaction test
DEBUG util.py:463:  Transaction test succeeded.
DEBUG util.py:463:  Running transaction
DEBUG util.py:463:  warning: /etc/hosts created as /etc/hosts.rpmnew
DEBUG util.py:463:  Installed products updated.
DEBUG util.py:463:  Installed:
DEBUG util.py:463:    alternatives-1.30-2.el10.aarch64                                              
DEBUG util.py:463:    audit-libs-4.0.3-1.el10.aarch64                                               
DEBUG util.py:463:    authselect-1.5.0-8.el10.aarch64                                               
DEBUG util.py:463:    authselect-libs-1.5.0-8.el10.aarch64                                          
DEBUG util.py:463:    basesystem-11-22.el10.noarch                                                  
DEBUG util.py:463:    bash-5.2.26-6.el10.aarch64                                                    
DEBUG util.py:463:    binutils-2.41-53.el10.aarch64                                                 
DEBUG util.py:463:    binutils-gold-2.41-53.el10.aarch64                                            
DEBUG util.py:463:    bzip2-1.0.8-25.el10.aarch64                                                   
DEBUG util.py:463:    bzip2-libs-1.0.8-25.el10.aarch64                                              
DEBUG util.py:463:    ca-certificates-2024.2.69_v8.0.303-102.3.el10.noarch                          
DEBUG util.py:463:    coreutils-9.5-6.el10.aarch64                                                  
DEBUG util.py:463:    coreutils-common-9.5-6.el10.aarch64                                           
DEBUG util.py:463:    cpio-2.15-3.el10.aarch64                                                      
DEBUG util.py:463:    cracklib-2.9.11-8.el10.aarch64                                                
DEBUG util.py:463:    cracklib-dicts-2.9.11-8.el10.aarch64                                          
DEBUG util.py:463:    crypto-policies-20250214-1.gitfd9b9b9.el10_0.1.noarch                         
DEBUG util.py:463:    curl-8.9.1-5.el10.aarch64                                                     
DEBUG util.py:463:    cyrus-sasl-lib-2.1.28-27.el10.aarch64                                         
DEBUG util.py:463:    debugedit-5.1-5.el10_0.aarch64                                                
DEBUG util.py:463:    diffutils-3.10-8.el10.aarch64                                                 
DEBUG util.py:463:    dwz-0.15-7.el10.aarch64                                                       
DEBUG util.py:463:    ed-1.20-5.el10.aarch64                                                        
DEBUG util.py:463:    efi-srpm-macros-6-6.el10.noarch                                               
DEBUG util.py:463:    elfutils-0.192-6.el10_0.aarch64                                               
DEBUG util.py:463:    elfutils-debuginfod-client-0.192-6.el10_0.aarch64                             
DEBUG util.py:463:    elfutils-default-yama-scope-0.192-6.el10_0.noarch                             
DEBUG util.py:463:    elfutils-libelf-0.192-6.el10_0.aarch64                                        
DEBUG util.py:463:    elfutils-libs-0.192-6.el10_0.aarch64                                          
DEBUG util.py:463:    file-5.45-7.el10.aarch64                                                      
DEBUG util.py:463:    file-libs-5.45-7.el10.aarch64                                                 
DEBUG util.py:463:    filesystem-3.18-16.el10.aarch64                                               
DEBUG util.py:463:    findutils-1:4.10.0-5.el10.aarch64                                             
DEBUG util.py:463:    fonts-srpm-macros-1:2.0.5-18.el10.noarch                                      
DEBUG util.py:463:    forge-srpm-macros-0.4.0-6.el10.noarch                                         
DEBUG util.py:463:    gawk-5.3.0-6.el10.aarch64                                                     
DEBUG util.py:463:    gdb-minimal-14.2-4.1.el10_0.aarch64                                           
DEBUG util.py:463:    gdbm-1:1.23-12.el10_0.aarch64                                                 
DEBUG util.py:463:    gdbm-libs-1:1.23-12.el10_0.aarch64                                            
DEBUG util.py:463:    glibc-2.39-46.el10_0.aarch64                                                  
DEBUG util.py:463:    glibc-common-2.39-46.el10_0.aarch64                                           
DEBUG util.py:463:    glibc-gconv-extra-2.39-46.el10_0.aarch64                                      
DEBUG util.py:463:    glibc-minimal-langpack-2.39-46.el10_0.aarch64                                 
DEBUG util.py:463:    gmp-1:6.2.1-10.el10.aarch64                                                   
DEBUG util.py:463:    go-srpm-macros-3.6.0-4.el10.noarch                                            
DEBUG util.py:463:    grep-3.11-10.el10.aarch64                                                     
DEBUG util.py:463:    gzip-1.13-3.el10.aarch64                                                      
DEBUG util.py:463:    info-7.1-6.el10.aarch64                                                       
DEBUG util.py:463:    jansson-2.14-3.el10.aarch64                                                   
DEBUG util.py:463:    json-c-0.18-3.el10.aarch64                                                    
DEBUG util.py:463:    kernel-srpm-macros-1.0-25.el10.noarch                                         
DEBUG util.py:463:    keyutils-libs-1.6.3-5.el10.aarch64                                            
DEBUG util.py:463:    krb5-libs-1.21.3-8.el10_0.aarch64                                             
DEBUG util.py:463:    libacl-2.3.2-4.el10.aarch64                                                   
DEBUG util.py:463:    libarchive-3.7.7-4.el10_0.aarch64                                             
DEBUG util.py:463:    libattr-2.5.2-5.el10.aarch64                                                  
DEBUG util.py:463:    libblkid-2.40.2-10.el10.aarch64                                               
DEBUG util.py:463:    libbrotli-1.1.0-6.el10.aarch64                                                
DEBUG util.py:463:    libcap-2.69-7.el10.aarch64                                                    
DEBUG util.py:463:    libcap-ng-0.8.4-6.el10.aarch64                                                
DEBUG util.py:463:    libcom_err-1.47.1-3.el10.aarch64                                              
DEBUG util.py:463:    libcurl-8.9.1-5.el10.aarch64                                                  
DEBUG util.py:463:    libeconf-0.6.2-4.el10.aarch64                                                 
DEBUG util.py:463:    libevent-2.1.12-16.el10.aarch64                                               
DEBUG util.py:463:    libfdisk-2.40.2-10.el10.aarch64                                               
DEBUG util.py:463:    libffi-3.4.4-9.el10.aarch64                                                   
DEBUG util.py:463:    libgcc-14.2.1-7.el10.aarch64                                                  
DEBUG util.py:463:    libgomp-14.2.1-7.el10.aarch64                                                 
DEBUG util.py:463:    libidn2-2.3.7-3.el10.aarch64                                                  
DEBUG util.py:463:    libmount-2.40.2-10.el10.aarch64                                               
DEBUG util.py:463:    libnghttp2-1.64.0-2.el10.aarch64                                              
DEBUG util.py:463:    libpkgconf-2.1.0-3.el10.aarch64                                               
DEBUG util.py:463:    libpsl-0.21.5-6.el10.aarch64                                                  
DEBUG util.py:463:    libpwquality-1.4.5-12.el10.aarch64                                            
DEBUG util.py:463:    libselinux-3.8-2.el10_0.aarch64                                               
DEBUG util.py:463:    libsemanage-3.8.1-1.el10_0.aarch64                                            
DEBUG util.py:463:    libsepol-3.8-1.el10.aarch64                                                   
DEBUG util.py:463:    libsmartcols-2.40.2-10.el10.aarch64                                           
DEBUG util.py:463:    libssh-0.11.1-1.el10.aarch64                                                  
DEBUG util.py:463:    libssh-config-0.11.1-1.el10.noarch                                            
DEBUG util.py:463:    libstdc++-14.2.1-7.el10.aarch64                                               
DEBUG util.py:463:    libtasn1-4.20.0-1.el10.aarch64                                                
DEBUG util.py:463:    libunistring-1.1-10.el10.aarch64                                              
DEBUG util.py:463:    libutempter-1.2.1-15.el10.aarch64                                             
DEBUG util.py:463:    libuuid-2.40.2-10.el10.aarch64                                                
DEBUG util.py:463:    libverto-0.3.2-10.el10.aarch64                                                
DEBUG util.py:463:    libxcrypt-4.4.36-10.el10.aarch64                                              
DEBUG util.py:463:    libxml2-2.12.5-9.el10_0.aarch64                                               
DEBUG util.py:463:    libzstd-1.5.5-9.el10.aarch64                                                  
DEBUG util.py:463:    lua-libs-5.4.6-7.el10.aarch64                                                 
DEBUG util.py:463:    lua-srpm-macros-1-15.el10.noarch                                              
DEBUG util.py:463:    lz4-libs-1.9.4-8.el10.aarch64                                                 
DEBUG util.py:463:    make-1:4.4.1-9.el10.aarch64                                                   
DEBUG util.py:463:    mpfr-4.2.1-5.el10.aarch64                                                     
DEBUG util.py:463:    ncurses-base-6.4-14.20240127.el10.noarch                                      
DEBUG util.py:463:    ncurses-libs-6.4-14.20240127.el10.aarch64                                     
DEBUG util.py:463:    ocaml-srpm-macros-10-4.el10.noarch                                            
DEBUG util.py:463:    openblas-srpm-macros-2-19.el10.noarch                                         
DEBUG util.py:463:    openldap-2.6.8-3.el10.aarch64                                                 
DEBUG util.py:463:    openssl-fips-provider-3.0.7-6.el10.aarch64                                    
DEBUG util.py:463:    openssl-fips-provider-so-3.0.7-6.el10.aarch64                                 
DEBUG util.py:463:    openssl-libs-1:3.2.2-16.el10_0.4.aarch64                                      
DEBUG util.py:463:    p11-kit-0.25.5-7.el10.aarch64                                                 
DEBUG util.py:463:    p11-kit-trust-0.25.5-7.el10.aarch64                                           
DEBUG util.py:463:    package-notes-srpm-macros-0.5-13.el10.noarch                                  
DEBUG util.py:463:    pam-1.6.1-7.el10.aarch64                                                      
DEBUG util.py:463:    pam-libs-1.6.1-7.el10.aarch64                                                 
DEBUG util.py:463:    patch-2.7.6-26.el10.aarch64                                                   
DEBUG util.py:463:    pcre2-10.44-1.el10.3.aarch64                                                  
DEBUG util.py:463:    pcre2-syntax-10.44-1.el10.3.noarch                                            
DEBUG util.py:463:    perl-srpm-macros-1-57.el10.noarch                                             
DEBUG util.py:463:    pkgconf-2.1.0-3.el10.aarch64                                                  
DEBUG util.py:463:    pkgconf-m4-2.1.0-3.el10.noarch                                                
DEBUG util.py:463:    pkgconf-pkg-config-2.1.0-3.el10.aarch64                                       
DEBUG util.py:463:    popt-1.19-8.el10.aarch64                                                      
DEBUG util.py:463:    publicsuffix-list-dafsa-20240107-5.el10.noarch                                
DEBUG util.py:463:    pyproject-srpm-macros-1.16.2-1.el10.noarch                                    
DEBUG util.py:463:    python-srpm-macros-3.12-9.1.el10.noarch                                       
DEBUG util.py:463:    qt6-srpm-macros-6.8.1-3.el10.noarch                                           
DEBUG util.py:463:    readline-8.2-11.el10.aarch64                                                  
DEBUG util.py:463:    redhat-ca-certificate-1.1.0-2.el8eng.noarch                                   
DEBUG util.py:463:    redhat-release-10.0-32.el10.aarch64                                           
DEBUG util.py:463:    redhat-rpm-config-289-1.el10_0.1.noarch                                       
DEBUG util.py:463:    rpm-4.19.1.1-12.el10.aarch64                                                  
DEBUG util.py:463:    rpm-build-4.19.1.1-12.el10.aarch64                                            
DEBUG util.py:463:    rpm-build-libs-4.19.1.1-12.el10.aarch64                                       
DEBUG util.py:463:    rpm-libs-4.19.1.1-12.el10.aarch64                                             
DEBUG util.py:463:    rpm-sequoia-1.6.0-6.el10.aarch64                                              
DEBUG util.py:463:    rust-toolset-srpm-macros-1.84.1-1.el10.noarch                                 
DEBUG util.py:463:    sed-4.9-3.el10.aarch64                                                        
DEBUG util.py:463:    setup-2.14.5-4.el10.noarch                                                    
DEBUG util.py:463:    shadow-utils-2:4.15.0-5.el10.aarch64                                          
DEBUG util.py:463:    sqlite-libs-3.46.1-5.el10_0.aarch64                                           
DEBUG util.py:463:    systemd-libs-257-9.el10_0.1.aarch64                                           
DEBUG util.py:463:    tar-2:1.35-7.el10.aarch64                                                     
DEBUG util.py:463:    unzip-6.0-68.el10.aarch64                                                     
DEBUG util.py:463:    util-linux-2.40.2-10.el10.aarch64                                             
DEBUG util.py:463:    util-linux-core-2.40.2-10.el10.aarch64                                        
DEBUG util.py:463:    which-2.21-44.el10_0.aarch64                                                  
DEBUG util.py:463:    xz-1:5.6.2-4.el10_0.aarch64                                                   
DEBUG util.py:463:    xz-libs-1:5.6.2-4.el10_0.aarch64                                              
DEBUG util.py:463:    zip-3.0-44.el10.aarch64                                                       
DEBUG util.py:463:    zlib-ng-compat-2.2.3-1.el10.aarch64                                           
DEBUG util.py:463:    zstd-1.5.5-9.el10.aarch64                                                     
DEBUG util.py:463:  Complete!
DEBUG util.py:610:  Child return code was: 0
DEBUG util.py:185:  kill orphans in chroot /mnt/build/mock/rhel-10.0-z-build-14019966-8969049/root
DEBUG util.py:636:  child environment: None
DEBUG util.py:558:  Executing command: ['/bin/umount', '-n', '-l', '/mnt/build/mock/rhel-10.0-z-build-14019966-8969049/root/sys/fs/selinux'] with env {'TERM': 'vt100', 'SHELL': '/bin/sh', 'HOME': '/builddir', 'HOSTNAME': 'mock', 'PATH': '/usr/bin:/bin:/usr/sbin:/sbin', 'LANG': 'C.UTF-8'} and shell False
DEBUG util.py:610:  Child return code was: 0
DEBUG util.py:636:  child environment: None
DEBUG util.py:558:  Executing command: ['/bin/umount', '-n', '/mnt/build/mock/rhel-10.0-z-build-14019966-8969049/root/proc/filesystems'] with env {'TERM': 'vt100', 'SHELL': '/bin/sh', 'HOME': '/builddir', 'HOSTNAME': 'mock', 'PATH': '/usr/bin:/bin:/usr/sbin:/sbin', 'LANG': 'C.UTF-8'} and shell False
DEBUG util.py:610:  Child return code was: 0
DEBUG util.py:636:  child environment: None
DEBUG util.py:558:  Executing command: ['/bin/umount', '-n', '-l', '/mnt/build/mock/rhel-10.0-z-build-14019966-8969049/root/dev/pts'] with env {'TERM': 'vt100', 'SHELL': '/bin/sh', 'HOME': '/builddir', 'HOSTNAME': 'mock', 'PATH': '/usr/bin:/bin:/usr/sbin:/sbin', 'LANG': 'C.UTF-8'} and shell False
DEBUG util.py:610:  Child return code was: 0
DEBUG util.py:636:  child environment: None
DEBUG util.py:558:  Executing command: ['/bin/umount', '-n', '-l', '/mnt/build/mock/rhel-10.0-z-build-14019966-8969049/root/dev/shm'] with env {'TERM': 'vt100', 'SHELL': '/bin/sh', 'HOME': '/builddir', 'HOSTNAME': 'mock', 'PATH': '/usr/bin:/bin:/usr/sbin:/sbin', 'LANG': 'C.UTF-8'} and shell False
DEBUG util.py:610:  Child return code was: 0
DEBUG util.py:636:  child environment: None
DEBUG util.py:558:  Executing command: ['/bin/umount', '-n', '-l', '/mnt/build/mock/rhel-10.0-z-build-14019966-8969049/root/sys'] with env {'TERM': 'vt100', 'SHELL': '/bin/sh', 'HOME': '/builddir', 'HOSTNAME': 'mock', 'PATH': '/usr/bin:/bin:/usr/sbin:/sbin', 'LANG': 'C.UTF-8'} and shell False
DEBUG util.py:610:  Child return code was: 0
DEBUG util.py:636:  child environment: None
DEBUG util.py:558:  Executing command: ['/bin/umount', '-n', '-l', '/mnt/build/mock/rhel-10.0-z-build-14019966-8969049/root/sys'] with env {'TERM': 'vt100', 'SHELL': '/bin/sh', 'HOME': '/builddir', 'HOSTNAME': 'mock', 'PATH': '/usr/bin:/bin:/usr/sbin:/sbin', 'LANG': 'C.UTF-8'} and shell False
DEBUG util.py:610:  Child return code was: 0
DEBUG util.py:636:  child environment: None
DEBUG util.py:558:  Executing command: ['/bin/umount', '-n', '-l', '/mnt/build/mock/rhel-10.0-z-build-14019966-8969049/root/proc'] with env {'TERM': 'vt100', 'SHELL': '/bin/sh', 'HOME': '/builddir', 'HOSTNAME': 'mock', 'PATH': '/usr/bin:/bin:/usr/sbin:/sbin', 'LANG': 'C.UTF-8'} and shell False
DEBUG util.py:610:  Child return code was: 0
DEBUG util.py:636:  child environment: None
DEBUG util.py:558:  Executing command: ['/bin/umount', '-n', '-l', '/mnt/build/mock/rhel-10.0-z-build-14019966-8969049/root/proc'] with env {'TERM': 'vt100', 'SHELL': '/bin/sh', 'HOME': '/builddir', 'HOSTNAME': 'mock', 'PATH': '/usr/bin:/bin:/usr/sbin:/sbin', 'LANG': 'C.UTF-8'} and shell False
DEBUG util.py:610:  Child return code was: 0
DEBUG file_util.py:30:  touching file: /mnt/build/mock/rhel-10.0-z-build-14019966-8969049/root/etc/os-release
DEBUG file_util.py:18:  ensuring that dir exists: /mnt/build/mock/rhel-10.0-z-build-14019966-8969049/root/builddir/build
DEBUG file_util.py:21:  created dir: /mnt/build/mock/rhel-10.0-z-build-14019966-8969049/root/builddir/build
DEBUG file_util.py:18:  ensuring that dir exists: /mnt/build/mock/rhel-10.0-z-build-14019966-8969049/root/builddir/build/RPMS
DEBUG file_util.py:21:  created dir: /mnt/build/mock/rhel-10.0-z-build-14019966-8969049/root/builddir/build/RPMS
DEBUG file_util.py:18:  ensuring that dir exists: /mnt/build/mock/rhel-10.0-z-build-14019966-8969049/root/builddir/build/SPECS
DEBUG file_util.py:21:  created dir: /mnt/build/mock/rhel-10.0-z-build-14019966-8969049/root/builddir/build/SPECS
DEBUG file_util.py:18:  ensuring that dir exists: /mnt/build/mock/rhel-10.0-z-build-14019966-8969049/root/builddir/build/SRPMS
DEBUG file_util.py:21:  created dir: /mnt/build/mock/rhel-10.0-z-build-14019966-8969049/root/builddir/build/SRPMS
DEBUG file_util.py:18:  ensuring that dir exists: /mnt/build/mock/rhel-10.0-z-build-14019966-8969049/root/builddir/build/SOURCES
DEBUG file_util.py:21:  created dir: /mnt/build/mock/rhel-10.0-z-build-14019966-8969049/root/builddir/build/SOURCES
DEBUG file_util.py:18:  ensuring that dir exists: /mnt/build/mock/rhel-10.0-z-build-14019966-8969049/root/builddir/build/BUILD
DEBUG file_util.py:21:  created dir: /mnt/build/mock/rhel-10.0-z-build-14019966-8969049/root/builddir/build/BUILD
DEBUG file_util.py:18:  ensuring that dir exists: /mnt/build/mock/rhel-10.0-z-build-14019966-8969049/root/builddir/build/BUILDROOT
DEBUG file_util.py:21:  created dir: /mnt/build/mock/rhel-10.0-z-build-14019966-8969049/root/builddir/build/BUILDROOT
DEBUG file_util.py:18:  ensuring that dir exists: /mnt/build/mock/rhel-10.0-z-build-14019966-8969049/root/builddir/build/originals
DEBUG file_util.py:21:  created dir: /mnt/build/mock/rhel-10.0-z-build-14019966-8969049/root/builddir/build/originals
DEBUG file_util.py:18:  ensuring that dir exists: /mnt/build/mock/rhel-10.0-z-build-14019966-8969049/root/builddir
DEBUG util.py:636:  child environment: None
DEBUG util.py:558:  Executing command: ['userdel', '-f', 'mockbuild', '--prefix', '/mnt/build/mock/rhel-10.0-z-build-14019966-8969049/root'] with env {'TERM': 'vt100', 'SHELL': '/bin/sh', 'HOME': '/builddir', 'HOSTNAME': 'mock', 'PATH': '/usr/bin:/bin:/usr/sbin:/sbin', 'LANG': 'C.UTF-8'} and shell False
DEBUG util.py:461:  configuration error - unknown item 'HMAC_CRYPTO_ALGO' (notify administrator)
DEBUG util.py:461:  userdel: user 'mockbuild' does not exist
DEBUG util.py:610:  Child return code was: 6
DEBUG util.py:636:  child environment: None
DEBUG util.py:558:  Executing command: ['groupdel', 'mock', '--prefix', '/mnt/build/mock/rhel-10.0-z-build-14019966-8969049/root'] with env {'TERM': 'vt100', 'SHELL': '/bin/sh', 'HOME': '/builddir', 'HOSTNAME': 'mock', 'PATH': '/usr/bin:/bin:/usr/sbin:/sbin', 'LANG': 'C.UTF-8'} and shell False
DEBUG util.py:461:  configuration error - unknown item 'HMAC_CRYPTO_ALGO' (notify administrator)
DEBUG util.py:461:  groupdel: group 'mock' does not exist
DEBUG util.py:610:  Child return code was: 6
DEBUG util.py:636:  child environment: None
DEBUG util.py:558:  Executing command: ['groupadd', 'mock', '-g', '135', '--prefix', '/mnt/build/mock/rhel-10.0-z-build-14019966-8969049/root'] with env {'TERM': 'vt100', 'SHELL': '/bin/sh', 'HOME': '/builddir', 'HOSTNAME': 'mock', 'PATH': '/usr/bin:/bin:/usr/sbin:/sbin', 'LANG': 'C.UTF-8'} and shell False
DEBUG util.py:461:  configuration error - unknown item 'HMAC_CRYPTO_ALGO' (notify administrator)
DEBUG util.py:610:  Child return code was: 0
DEBUG util.py:636:  child environment: None
DEBUG util.py:558:  Executing command: ['useradd', 'mockbuild', '-o', '-u', '988', '-g', '135', '-N', '-d', '/builddir', '--prefix', '/mnt/build/mock/rhel-10.0-z-build-14019966-8969049/root'] with env {'TERM': 'vt100', 'SHELL': '/bin/sh', 'HOME': '/builddir', 'HOSTNAME': 'mock', 'PATH': '/usr/bin:/bin:/usr/sbin:/sbin', 'LANG': 'C.UTF-8'} and shell False
DEBUG util.py:461:  configuration error - unknown item 'HMAC_CRYPTO_ALGO' (notify administrator)
DEBUG util.py:461:  useradd: warning: the home directory already exists.
DEBUG util.py:461:  Not copying any file from skel directory into it.
DEBUG util.py:610:  Child return code was: 0
DEBUG file_util.py:30:  touching file: /mnt/build/mock/rhel-10.0-z-build-14019966-8969049/root/.initialized
DEBUG util.py:636:  child environment: None
DEBUG util.py:558:  Executing command: ['/bin/rpm', '-qa', '--root', '/mnt/build/mock/rhel-10.0-z-build-14019966-8969049/root'] with env {'TERM': 'vt100', 'SHELL': '/bin/sh', 'HOME': '/builddir', 'HOSTNAME': 'mock', 'PATH': '/usr/bin:/bin:/usr/sbin:/sbin', 'LANG': 'C.UTF-8'} and shell False
DEBUG util.py:463:  setup-2.14.5-4.el10.noarch
DEBUG util.py:463:  publicsuffix-list-dafsa-20240107-5.el10.noarch
DEBUG util.py:463:  package-notes-srpm-macros-0.5-13.el10.noarch
DEBUG util.py:463:  glibc-gconv-extra-2.39-46.el10_0.aarch64
DEBUG util.py:463:  ncurses-libs-6.4-14.20240127.el10.aarch64
DEBUG util.py:463:  xz-libs-5.6.2-4.el10_0.aarch64
DEBUG util.py:463:  popt-1.19-8.el10.aarch64
DEBUG util.py:463:  libacl-2.3.2-4.el10.aarch64
DEBUG util.py:463:  crypto-policies-20250214-1.gitfd9b9b9.el10_0.1.noarch
DEBUG util.py:463:  mpfr-4.2.1-5.el10.aarch64
DEBUG util.py:463:  file-5.45-7.el10.aarch64
DEBUG util.py:463:  audit-libs-4.0.3-1.el10.aarch64
DEBUG util.py:463:  libsepol-3.8-1.el10.aarch64
DEBUG util.py:463:  libidn2-2.3.7-3.el10.aarch64
DEBUG util.py:463:  libselinux-3.8-2.el10_0.aarch64
DEBUG util.py:463:  xz-5.6.2-4.el10_0.aarch64
DEBUG util.py:463:  shadow-utils-4.15.0-5.el10.aarch64
DEBUG util.py:463:  libpsl-0.21.5-6.el10.aarch64
DEBUG util.py:463:  libfdisk-2.40.2-10.el10.aarch64
DEBUG util.py:463:  ed-1.20-5.el10.aarch64
DEBUG util.py:463:  diffutils-3.10-8.el10.aarch64
DEBUG util.py:463:  libcom_err-1.47.1-3.el10.aarch64
DEBUG util.py:463:  libgomp-14.2.1-7.el10.aarch64
DEBUG util.py:463:  pkgconf-pkg-config-2.1.0-3.el10.aarch64
DEBUG util.py:463:  coreutils-common-9.5-6.el10.aarch64
DEBUG util.py:463:  coreutils-9.5-6.el10.aarch64
DEBUG util.py:463:  cracklib-2.9.11-8.el10.aarch64
DEBUG util.py:463:  cracklib-dicts-2.9.11-8.el10.aarch64
DEBUG util.py:463:  libevent-2.1.12-16.el10.aarch64
DEBUG util.py:463:  elfutils-debuginfod-client-0.192-6.el10_0.aarch64
DEBUG util.py:463:  gdb-minimal-14.2-4.1.el10_0.aarch64
DEBUG util.py:463:  rpm-4.19.1.1-12.el10.aarch64
DEBUG util.py:463:  lua-srpm-macros-1-15.el10.noarch
DEBUG util.py:463:  python-srpm-macros-3.12-9.1.el10.noarch
DEBUG util.py:463:  util-linux-2.40.2-10.el10.aarch64
DEBUG util.py:463:  make-4.4.1-9.el10.aarch64
DEBUG util.py:463:  libgcc-14.2.1-7.el10.aarch64
DEBUG util.py:463:  redhat-release-10.0-32.el10.aarch64
DEBUG util.py:463:  filesystem-3.18-16.el10.aarch64
DEBUG util.py:463:  qt6-srpm-macros-6.8.1-3.el10.noarch
DEBUG util.py:463:  pkgconf-m4-2.1.0-3.el10.noarch
DEBUG util.py:463:  pcre2-syntax-10.44-1.el10.3.noarch
DEBUG util.py:463:  openblas-srpm-macros-2-19.el10.noarch
DEBUG util.py:463:  ncurses-base-6.4-14.20240127.el10.noarch
DEBUG util.py:463:  glibc-minimal-langpack-2.39-46.el10_0.aarch64
DEBUG util.py:463:  glibc-2.39-46.el10_0.aarch64
DEBUG util.py:463:  bash-5.2.26-6.el10.aarch64
DEBUG util.py:463:  bzip2-libs-1.0.8-25.el10.aarch64
DEBUG util.py:463:  readline-8.2-11.el10.aarch64
DEBUG util.py:463:  libuuid-2.40.2-10.el10.aarch64
DEBUG util.py:463:  libblkid-2.40.2-10.el10.aarch64
DEBUG util.py:463:  libattr-2.5.2-5.el10.aarch64
DEBUG util.py:463:  libxcrypt-4.4.36-10.el10.aarch64
DEBUG util.py:463:  elfutils-libelf-0.192-6.el10_0.aarch64
DEBUG util.py:463:  gdbm-libs-1.23-12.el10_0.aarch64
DEBUG util.py:463:  dwz-0.15-7.el10.aarch64
DEBUG util.py:463:  gawk-5.3.0-6.el10.aarch64
DEBUG util.py:463:  file-libs-5.45-7.el10.aarch64
DEBUG util.py:463:  alternatives-1.30-2.el10.aarch64
DEBUG util.py:463:  libcap-ng-0.8.4-6.el10.aarch64
DEBUG util.py:463:  pam-libs-1.6.1-7.el10.aarch64
DEBUG util.py:463:  systemd-libs-257-9.el10_0.1.aarch64
DEBUG util.py:463:  libsmartcols-2.40.2-10.el10.aarch64
DEBUG util.py:463:  libunistring-1.1-10.el10.aarch64
DEBUG util.py:463:  lua-libs-5.4.6-7.el10.aarch64
DEBUG util.py:463:  pcre2-10.44-1.el10.3.aarch64
DEBUG util.py:463:  sed-4.9-3.el10.aarch64
DEBUG util.py:463:  grep-3.11-10.el10.aarch64
DEBUG util.py:463:  libmount-2.40.2-10.el10.aarch64
DEBUG util.py:463:  libsemanage-3.8.1-1.el10_0.aarch64
DEBUG util.py:463:  libutempter-1.2.1-15.el10.aarch64
DEBUG util.py:463:  zstd-1.5.5-9.el10.aarch64
DEBUG util.py:463:  zip-3.0-44.el10.aarch64
DEBUG util.py:463:  gdbm-1.23-12.el10_0.aarch64
DEBUG util.py:463:  libxml2-2.12.5-9.el10_0.aarch64
DEBUG util.py:463:  sqlite-libs-3.46.1-5.el10_0.aarch64
DEBUG util.py:463:  patch-2.7.6-26.el10.aarch64
DEBUG util.py:463:  cpio-2.15-3.el10.aarch64
DEBUG util.py:463:  json-c-0.18-3.el10.aarch64
DEBUG util.py:463:  libbrotli-1.1.0-6.el10.aarch64
DEBUG util.py:463:  libffi-3.4.4-9.el10.aarch64
DEBUG util.py:463:  p11-kit-trust-0.25.5-7.el10.aarch64
DEBUG util.py:463:  libnghttp2-1.64.0-2.el10.aarch64
DEBUG util.py:463:  pkgconf-2.1.0-3.el10.aarch64
DEBUG util.py:463:  libverto-0.3.2-10.el10.aarch64
DEBUG util.py:463:  kernel-srpm-macros-1.0-25.el10.noarch
DEBUG util.py:463:  openssl-fips-provider-so-3.0.7-6.el10.aarch64
DEBUG util.py:463:  openssl-libs-3.2.2-16.el10_0.4.aarch64
DEBUG util.py:463:  ca-certificates-2024.2.69_v8.0.303-102.3.el10.noarch
DEBUG util.py:463:  gzip-1.13-3.el10.aarch64
DEBUG util.py:463:  krb5-libs-1.21.3-8.el10_0.aarch64
DEBUG util.py:463:  libssh-0.11.1-1.el10.aarch64
DEBUG util.py:463:  libpwquality-1.4.5-12.el10.aarch64
DEBUG util.py:463:  pam-1.6.1-7.el10.aarch64
DEBUG util.py:463:  openldap-2.6.8-3.el10.aarch64
DEBUG util.py:463:  elfutils-libs-0.192-6.el10_0.aarch64
DEBUG util.py:463:  binutils-gold-2.41-53.el10.aarch64
DEBUG util.py:463:  elfutils-0.192-6.el10_0.aarch64
DEBUG util.py:463:  debugedit-5.1-5.el10_0.aarch64
DEBUG util.py:463:  rpm-sequoia-1.6.0-6.el10.aarch64
DEBUG util.py:463:  rpm-libs-4.19.1.1-12.el10.aarch64
DEBUG util.py:463:  efi-srpm-macros-6-6.el10.noarch
DEBUG util.py:463:  fonts-srpm-macros-2.0.5-18.el10.noarch
DEBUG util.py:463:  go-srpm-macros-3.6.0-4.el10.noarch
DEBUG util.py:463:  redhat-rpm-config-289-1.el10_0.1.noarch
DEBUG util.py:463:  pyproject-srpm-macros-1.16.2-1.el10.noarch
DEBUG util.py:463:  redhat-ca-certificate-1.1.0-2.el8eng.noarch
DEBUG util.py:463:  info-7.1-6.el10.aarch64
DEBUG util.py:463:  rust-toolset-srpm-macros-1.84.1-1.el10.noarch
DEBUG util.py:463:  basesystem-11-22.el10.noarch
DEBUG util.py:463:  perl-srpm-macros-1-57.el10.noarch
DEBUG util.py:463:  ocaml-srpm-macros-10-4.el10.noarch
DEBUG util.py:463:  glibc-common-2.39-46.el10_0.aarch64
DEBUG util.py:463:  zlib-ng-compat-2.2.3-1.el10.aarch64
DEBUG util.py:463:  libstdc++-14.2.1-7.el10.aarch64
DEBUG util.py:463:  gmp-6.2.1-10.el10.aarch64
DEBUG util.py:463:  libzstd-1.5.5-9.el10.aarch64
DEBUG util.py:463:  libeconf-0.6.2-4.el10.aarch64
DEBUG util.py:463:  unzip-6.0-68.el10.aarch64
DEBUG util.py:463:  jansson-2.14-3.el10.aarch64
DEBUG util.py:463:  libcap-2.69-7.el10.aarch64
DEBUG util.py:463:  libtasn1-4.20.0-1.el10.aarch64
DEBUG util.py:463:  lz4-libs-1.9.4-8.el10.aarch64
DEBUG util.py:463:  findutils-4.10.0-5.el10.aarch64
DEBUG util.py:463:  util-linux-core-2.40.2-10.el10.aarch64
DEBUG util.py:463:  tar-1.35-7.el10.aarch64
DEBUG util.py:463:  cyrus-sasl-lib-2.1.28-27.el10.aarch64
DEBUG util.py:463:  bzip2-1.0.8-25.el10.aarch64
DEBUG util.py:463:  elfutils-default-yama-scope-0.192-6.el10_0.noarch
DEBUG util.py:463:  keyutils-libs-1.6.3-5.el10.aarch64
DEBUG util.py:463:  p11-kit-0.25.5-7.el10.aarch64
DEBUG util.py:463:  libpkgconf-2.1.0-3.el10.aarch64
DEBUG util.py:463:  libssh-config-0.11.1-1.el10.noarch
DEBUG util.py:463:  openssl-fips-provider-3.0.7-6.el10.aarch64
DEBUG util.py:463:  authselect-libs-1.5.0-8.el10.aarch64
DEBUG util.py:463:  libarchive-3.7.7-4.el10_0.aarch64
DEBUG util.py:463:  authselect-1.5.0-8.el10.aarch64
DEBUG util.py:463:  libcurl-8.9.1-5.el10.aarch64
DEBUG util.py:463:  binutils-2.41-53.el10.aarch64
DEBUG util.py:463:  curl-8.9.1-5.el10.aarch64
DEBUG util.py:463:  rpm-build-libs-4.19.1.1-12.el10.aarch64
DEBUG util.py:463:  forge-srpm-macros-0.4.0-6.el10.noarch
DEBUG util.py:463:  rpm-build-4.19.1.1-12.el10.aarch64
DEBUG util.py:463:  which-2.21-44.el10_0.aarch64
DEBUG util.py:610:  Child return code was: 0
INFO backend.py:234:  Installed packages:
INFO backend.py:235:  alternatives-1.30-2.el10.aarch64
audit-libs-4.0.3-1.el10.aarch64
authselect-1.5.0-8.el10.aarch64
authselect-libs-1.5.0-8.el10.aarch64
basesystem-11-22.el10.noarch
bash-5.2.26-6.el10.aarch64
binutils-2.41-53.el10.aarch64
binutils-gold-2.41-53.el10.aarch64
bzip2-1.0.8-25.el10.aarch64
bzip2-libs-1.0.8-25.el10.aarch64
ca-certificates-2024.2.69_v8.0.303-102.3.el10.noarch
coreutils-9.5-6.el10.aarch64
coreutils-common-9.5-6.el10.aarch64
cpio-2.15-3.el10.aarch64
cracklib-2.9.11-8.el10.aarch64
cracklib-dicts-2.9.11-8.el10.aarch64
crypto-policies-20250214-1.gitfd9b9b9.el10_0.1.noarch
curl-8.9.1-5.el10.aarch64
cyrus-sasl-lib-2.1.28-27.el10.aarch64
debugedit-5.1-5.el10_0.aarch64
diffutils-3.10-8.el10.aarch64
dwz-0.15-7.el10.aarch64
ed-1.20-5.el10.aarch64
efi-srpm-macros-6-6.el10.noarch
elfutils-0.192-6.el10_0.aarch64
elfutils-debuginfod-client-0.192-6.el10_0.aarch64
elfutils-default-yama-scope-0.192-6.el10_0.noarch
elfutils-libelf-0.192-6.el10_0.aarch64
elfutils-libs-0.192-6.el10_0.aarch64
file-5.45-7.el10.aarch64
file-libs-5.45-7.el10.aarch64
filesystem-3.18-16.el10.aarch64
findutils-4.10.0-5.el10.aarch64
fonts-srpm-macros-2.0.5-18.el10.noarch
forge-srpm-macros-0.4.0-6.el10.noarch
gawk-5.3.0-6.el10.aarch64
gdb-minimal-14.2-4.1.el10_0.aarch64
gdbm-1.23-12.el10_0.aarch64
gdbm-libs-1.23-12.el10_0.aarch64
glibc-2.39-46.el10_0.aarch64
glibc-common-2.39-46.el10_0.aarch64
glibc-gconv-extra-2.39-46.el10_0.aarch64
glibc-minimal-langpack-2.39-46.el10_0.aarch64
gmp-6.2.1-10.el10.aarch64
go-srpm-macros-3.6.0-4.el10.noarch
grep-3.11-10.el10.aarch64
gzip-1.13-3.el10.aarch64
info-7.1-6.el10.aarch64
jansson-2.14-3.el10.aarch64
json-c-0.18-3.el10.aarch64
kernel-srpm-macros-1.0-25.el10.noarch
keyutils-libs-1.6.3-5.el10.aarch64
krb5-libs-1.21.3-8.el10_0.aarch64
libacl-2.3.2-4.el10.aarch64
libarchive-3.7.7-4.el10_0.aarch64
libattr-2.5.2-5.el10.aarch64
libblkid-2.40.2-10.el10.aarch64
libbrotli-1.1.0-6.el10.aarch64
libcap-2.69-7.el10.aarch64
libcap-ng-0.8.4-6.el10.aarch64
libcom_err-1.47.1-3.el10.aarch64
libcurl-8.9.1-5.el10.aarch64
libeconf-0.6.2-4.el10.aarch64
libevent-2.1.12-16.el10.aarch64
libfdisk-2.40.2-10.el10.aarch64
libffi-3.4.4-9.el10.aarch64
libgcc-14.2.1-7.el10.aarch64
libgomp-14.2.1-7.el10.aarch64
libidn2-2.3.7-3.el10.aarch64
libmount-2.40.2-10.el10.aarch64
libnghttp2-1.64.0-2.el10.aarch64
libpkgconf-2.1.0-3.el10.aarch64
libpsl-0.21.5-6.el10.aarch64
libpwquality-1.4.5-12.el10.aarch64
libselinux-3.8-2.el10_0.aarch64
libsemanage-3.8.1-1.el10_0.aarch64
libsepol-3.8-1.el10.aarch64
libsmartcols-2.40.2-10.el10.aarch64
libssh-0.11.1-1.el10.aarch64
libssh-config-0.11.1-1.el10.noarch
libstdc++-14.2.1-7.el10.aarch64
libtasn1-4.20.0-1.el10.aarch64
libunistring-1.1-10.el10.aarch64
libutempter-1.2.1-15.el10.aarch64
libuuid-2.40.2-10.el10.aarch64
libverto-0.3.2-10.el10.aarch64
libxcrypt-4.4.36-10.el10.aarch64
libxml2-2.12.5-9.el10_0.aarch64
libzstd-1.5.5-9.el10.aarch64
lua-libs-5.4.6-7.el10.aarch64
lua-srpm-macros-1-15.el10.noarch
lz4-libs-1.9.4-8.el10.aarch64
make-4.4.1-9.el10.aarch64
mpfr-4.2.1-5.el10.aarch64
ncurses-base-6.4-14.20240127.el10.noarch
ncurses-libs-6.4-14.20240127.el10.aarch64
ocaml-srpm-macros-10-4.el10.noarch
openblas-srpm-macros-2-19.el10.noarch
openldap-2.6.8-3.el10.aarch64
openssl-fips-provider-3.0.7-6.el10.aarch64
openssl-fips-provider-so-3.0.7-6.el10.aarch64
openssl-libs-3.2.2-16.el10_0.4.aarch64
p11-kit-0.25.5-7.el10.aarch64
p11-kit-trust-0.25.5-7.el10.aarch64
package-notes-srpm-macros-0.5-13.el10.noarch
pam-1.6.1-7.el10.aarch64
pam-libs-1.6.1-7.el10.aarch64
patch-2.7.6-26.el10.aarch64
pcre2-10.44-1.el10.3.aarch64
pcre2-syntax-10.44-1.el10.3.noarch
perl-srpm-macros-1-57.el10.noarch
pkgconf-2.1.0-3.el10.aarch64
pkgconf-m4-2.1.0-3.el10.noarch
pkgconf-pkg-config-2.1.0-3.el10.aarch64
popt-1.19-8.el10.aarch64
publicsuffix-list-dafsa-20240107-5.el10.noarch
pyproject-srpm-macros-1.16.2-1.el10.noarch
python-srpm-macros-3.12-9.1.el10.noarch
qt6-srpm-macros-6.8.1-3.el10.noarch
readline-8.2-11.el10.aarch64
redhat-ca-certificate-1.1.0-2.el8eng.noarch
redhat-release-10.0-32.el10.aarch64
redhat-rpm-config-289-1.el10_0.1.noarch
rpm-4.19.1.1-12.el10.aarch64
rpm-build-4.19.1.1-12.el10.aarch64
rpm-build-libs-4.19.1.1-12.el10.aarch64
rpm-libs-4.19.1.1-12.el10.aarch64
rpm-sequoia-1.6.0-6.el10.aarch64
rust-toolset-srpm-macros-1.84.1-1.el10.noarch
sed-4.9-3.el10.aarch64
setup-2.14.5-4.el10.noarch
shadow-utils-4.15.0-5.el10.aarch64
sqlite-libs-3.46.1-5.el10_0.aarch64
systemd-libs-257-9.el10_0.1.aarch64
tar-1.35-7.el10.aarch64
unzip-6.0-68.el10.aarch64
util-linux-2.40.2-10.el10.aarch64
util-linux-core-2.40.2-10.el10.aarch64
which-2.21-44.el10_0.aarch64
xz-5.6.2-4.el10_0.aarch64
xz-libs-5.6.2-4.el10_0.aarch64
zip-3.0-44.el10.aarch64
zlib-ng-compat-2.2.3-1.el10.aarch64
zstd-1.5.5-9.el10.aarch64
DEBUG util.py:185:  kill orphans in chroot /mnt/build/mock/rhel-10.0-z-build-14019966-8969049/root
INFO buildroot.py:602:  Mock Version: 5.3
DEBUG file_util.py:18:  ensuring that dir exists: /mnt/build/mock/rhel-10.0-z-build-14019966-8969049
DEBUG file_util.py:18:  ensuring that dir exists: /mnt/build/mock/rhel-10.0-z-build-14019966-8969049/root
DEBUG file_util.py:18:  ensuring that dir exists: /mnt/build/mock/rhel-10.0-z-build-14019966-8969049/result
INFO buildroot.py:284:  calling preinit hooks
DEBUG util.py:636:  child environment: None
DEBUG util.py:558:  Executing command: ['/usr/bin/lscpu'] with env {'TERM': 'vt100', 'SHELL': '/bin/sh', 'HOME': '/builddir', 'HOSTNAME': 'mock', 'PATH': '/usr/bin:/bin:/usr/sbin:/sbin', 'LANG': 'C.UTF-8'} and shell False
DEBUG util.py:463:  Architecture:        aarch64
DEBUG util.py:463:  Byte Order:          Little Endian
DEBUG util.py:463:  CPU(s):              4
DEBUG util.py:463:  On-line CPU(s) list: 0-3
DEBUG util.py:463:  Thread(s) per core:  1
DEBUG util.py:463:  Core(s) per socket:  4
DEBUG util.py:463:  Socket(s):           1
DEBUG util.py:463:  NUMA node(s):        1
DEBUG util.py:463:  Vendor ID:           ARM
DEBUG util.py:463:  Model:               1
DEBUG util.py:463:  Stepping:            r1p1
DEBUG util.py:463:  BogoMIPS:            2100.00
DEBUG util.py:463:  L1d cache:           64K
DEBUG util.py:463:  L1i cache:           64K
DEBUG util.py:463:  L2 cache:            1024K
DEBUG util.py:463:  L3 cache:            32768K
DEBUG util.py:463:  NUMA node0 CPU(s):   0-3
DEBUG util.py:463:  Flags:               fp asimd evtstrm aes pmull sha1 sha2 crc32 atomics fphp asimdhp cpuid asimdrdm jscvt fcma lrcpc dcpop sha3 sm3 sm4 asimddp sha512 sve asimdfhm dit uscat ilrcpc flagm ssbs dcpodp svei8mm svebf16 i8mm bf16 dgh rng
DEBUG util.py:610:  Child return code was: 0
DEBUG util.py:636:  child environment: None
DEBUG util.py:558:  Executing command: ['/bin/free'] with env {'TERM': 'vt100', 'SHELL': '/bin/sh', 'HOME': '/builddir', 'HOSTNAME': 'mock', 'PATH': '/usr/bin:/bin:/usr/sbin:/sbin', 'LANG': 'C.UTF-8'} and shell False
DEBUG util.py:463:                total        used        free      shared  buff/cache   available
DEBUG util.py:463:  Mem:       15848832     1482752     5180672      228800     9185408    11775040
DEBUG util.py:463:  Swap:             0           0           0
DEBUG util.py:610:  Child return code was: 0
DEBUG util.py:636:  child environment: None
DEBUG util.py:558:  Executing command: ['/bin/df', '-H', '/mnt/build/mock/rhel-10.0-z-build-14019966-8969049/root', '/var/cache/mock'] with env {'TERM': 'vt100', 'SHELL': '/bin/sh', 'HOME': '/builddir', 'HOSTNAME': 'mock', 'PATH': '/usr/bin:/bin:/usr/sbin:/sbin', 'LANG': 'C.UTF-8'} and shell False
DEBUG util.py:463:  Filesystem      Size  Used Avail Use% Mounted on
DEBUG util.py:463:  /dev/nvme0n1p3  214G   13G  202G   6% /
DEBUG util.py:463:  /dev/nvme0n1p3  214G   13G  202G   6% /
DEBUG util.py:610:  Child return code was: 0
DEBUG buildroot.py:658:  create skeleton dirs
DEBUG file_util.py:18:  ensuring that dir exists: /mnt/build/mock/rhel-10.0-z-build-14019966-8969049/root/var/lib/rpm
DEBUG file_util.py:18:  ensuring that dir exists: /mnt/build/mock/rhel-10.0-z-build-14019966-8969049/root/var/lib/yum
DEBUG file_util.py:18:  ensuring that dir exists: /mnt/build/mock/rhel-10.0-z-build-14019966-8969049/root/var/lib/dbus
DEBUG file_util.py:18:  ensuring that dir exists: /mnt/build/mock/rhel-10.0-z-build-14019966-8969049/root/var/log
DEBUG file_util.py:18:  ensuring that dir exists: /mnt/build/mock/rhel-10.0-z-build-14019966-8969049/root/var/cache/dnf
DEBUG file_util.py:18:  ensuring that dir exists: /mnt/build/mock/rhel-10.0-z-build-14019966-8969049/root/var/cache/yum
DEBUG file_util.py:18:  ensuring that dir exists: /mnt/build/mock/rhel-10.0-z-build-14019966-8969049/root/etc/rpm
DEBUG file_util.py:18:  ensuring that dir exists: /mnt/build/mock/rhel-10.0-z-build-14019966-8969049/root/tmp
DEBUG file_util.py:18:  ensuring that dir exists: /mnt/build/mock/rhel-10.0-z-build-14019966-8969049/root/tmp/ccache
DEBUG file_util.py:18:  ensuring that dir exists: /mnt/build/mock/rhel-10.0-z-build-14019966-8969049/root/var/tmp
DEBUG file_util.py:18:  ensuring that dir exists: /mnt/build/mock/rhel-10.0-z-build-14019966-8969049/root/etc/dnf
DEBUG file_util.py:18:  ensuring that dir exists: /mnt/build/mock/rhel-10.0-z-build-14019966-8969049/root/etc/dnf/vars
DEBUG file_util.py:18:  ensuring that dir exists: /mnt/build/mock/rhel-10.0-z-build-14019966-8969049/root/etc/yum.repos.d
DEBUG file_util.py:18:  ensuring that dir exists: /mnt/build/mock/rhel-10.0-z-build-14019966-8969049/root/etc/yum
DEBUG file_util.py:18:  ensuring that dir exists: /mnt/build/mock/rhel-10.0-z-build-14019966-8969049/root/proc
DEBUG file_util.py:18:  ensuring that dir exists: /mnt/build/mock/rhel-10.0-z-build-14019966-8969049/root/sys
DEBUG file_util.py:18:  ensuring that dir exists: /mnt/build/mock/rhel-10.0-z-build-14019966-8969049/root/dev/pts
DEBUG file_util.py:18:  ensuring that dir exists: /mnt/build/mock/rhel-10.0-z-build-14019966-8969049/root/dev/shm
DEBUG file_util.py:18:  ensuring that dir exists: /mnt/build/mock/rhel-10.0-z-build-14019966-8969049/root/dev/mapper
DEBUG file_util.py:21:  created dir: /mnt/build/mock/rhel-10.0-z-build-14019966-8969049/root/dev/mapper
DEBUG buildroot.py:802:  kernel version == 4.18.0-553.63.1.el8_10.aarch64
DEBUG file_util.py:30:  touching file: /mnt/build/mock/rhel-10.0-z-build-14019966-8969049/root/etc/fstab
DEBUG file_util.py:30:  touching file: /mnt/build/mock/rhel-10.0-z-build-14019966-8969049/root/etc/yum/yum.conf
DEBUG file_util.py:30:  touching file: /mnt/build/mock/rhel-10.0-z-build-14019966-8969049/root/etc/dnf/dnf.conf
DEBUG file_util.py:30:  touching file: /mnt/build/mock/rhel-10.0-z-build-14019966-8969049/root/var/log/yum.log
DEBUG buildroot.py:298:  rootdir = /mnt/build/mock/rhel-10.0-z-build-14019966-8969049/root
DEBUG buildroot.py:299:  resultdir = /mnt/build/mock/rhel-10.0-z-build-14019966-8969049/result
DEBUG package_manager.py:56:  searching for 'dnf' package manager or alternatives
INFO buildroot.py:175:  Package manager dnf detected and used (fallback)
DEBUG file_util.py:18:  ensuring that dir exists: /mnt/build/mock/rhel-10.0-z-build-14019966-8969049/root/etc/pki/mock
DEBUG file_util.py:158:  Updating files in /mnt/build/mock/rhel-10.0-z-build-14019966-8969049/root/etc/pki/ca-trust with files from /etc/pki/ca-trust
DEBUG file_util.py:18:  ensuring that dir exists: /mnt/build/mock/rhel-10.0-z-build-14019966-8969049/root/etc/pki/ca-trust
DEBUG file_util.py:18:  ensuring that dir exists: /mnt/build/mock/rhel-10.0-z-build-14019966-8969049/root/etc/pki/ca-trust/./extracted
DEBUG file_util.py:18:  ensuring that dir exists: /mnt/build/mock/rhel-10.0-z-build-14019966-8969049/root/etc/pki/ca-trust/./source
DEBUG file_util.py:18:  ensuring that dir exists: /mnt/build/mock/rhel-10.0-z-build-14019966-8969049/root/etc/pki/ca-trust/extracted/edk2
DEBUG file_util.py:18:  ensuring that dir exists: /mnt/build/mock/rhel-10.0-z-build-14019966-8969049/root/etc/pki/ca-trust/extracted/java
DEBUG file_util.py:18:  ensuring that dir exists: /mnt/build/mock/rhel-10.0-z-build-14019966-8969049/root/etc/pki/ca-trust/extracted/openssl
DEBUG file_util.py:18:  ensuring that dir exists: /mnt/build/mock/rhel-10.0-z-build-14019966-8969049/root/etc/pki/ca-trust/extracted/pem
DEBUG file_util.py:18:  ensuring that dir exists: /mnt/build/mock/rhel-10.0-z-build-14019966-8969049/root/etc/pki/ca-trust/source/anchors
DEBUG file_util.py:18:  ensuring that dir exists: /mnt/build/mock/rhel-10.0-z-build-14019966-8969049/root/etc/pki/ca-trust/source/blacklist
DEBUG file_util.py:158:  Updating files in /mnt/build/mock/rhel-10.0-z-build-14019966-8969049/root/usr/share/pki/ca-trust-source with files from /usr/share/pki/ca-trust-source
DEBUG file_util.py:18:  ensuring that dir exists: /mnt/build/mock/rhel-10.0-z-build-14019966-8969049/root/usr/share/pki/ca-trust-source
DEBUG file_util.py:18:  ensuring that dir exists: /mnt/build/mock/rhel-10.0-z-build-14019966-8969049/root/usr/share/pki/ca-trust-source/./anchors
DEBUG file_util.py:18:  ensuring that dir exists: /mnt/build/mock/rhel-10.0-z-build-14019966-8969049/root/usr/share/pki/ca-trust-source/./blacklist
DEBUG file_util.py:18:  ensuring that dir exists: /mnt/build/mock/rhel-10.0-z-build-14019966-8969049/root/etc/dnf
DEBUG package_manager.py:689:  configure DNF vars
DEBUG file_util.py:18:  ensuring that dir exists: /mnt/build/mock/rhel-10.0-z-build-14019966-8969049/root/etc
DEBUG file_util.py:18:  ensuring that dir exists: /mnt/build/mock/rhel-10.0-z-build-14019966-8969049/root/etc
DEBUG util.py:636:  child environment: None
DEBUG util.py:558:  Executing command: ['userdel', '-f', 'mockbuild', '--prefix', '/mnt/build/mock/rhel-10.0-z-build-14019966-8969049/root'] with env {'TERM': 'vt100', 'SHELL': '/bin/sh', 'HOME': '/builddir', 'HOSTNAME': 'mock', 'PATH': '/usr/bin:/bin:/usr/sbin:/sbin', 'LANG': 'C.UTF-8'} and shell False
DEBUG util.py:461:  configuration error - unknown item 'HMAC_CRYPTO_ALGO' (notify administrator)
DEBUG util.py:610:  Child return code was: 0
DEBUG util.py:636:  child environment: None
DEBUG util.py:558:  Executing command: ['groupdel', 'mock', '--prefix', '/mnt/build/mock/rhel-10.0-z-build-14019966-8969049/root'] with env {'TERM': 'vt100', 'SHELL': '/bin/sh', 'HOME': '/builddir', 'HOSTNAME': 'mock', 'PATH': '/usr/bin:/bin:/usr/sbin:/sbin', 'LANG': 'C.UTF-8'} and shell False
DEBUG util.py:461:  configuration error - unknown item 'HMAC_CRYPTO_ALGO' (notify administrator)
DEBUG util.py:610:  Child return code was: 0
DEBUG util.py:636:  child environment: None
DEBUG util.py:558:  Executing command: ['groupadd', 'mock', '-g', '135', '--prefix', '/mnt/build/mock/rhel-10.0-z-build-14019966-8969049/root'] with env {'TERM': 'vt100', 'SHELL': '/bin/sh', 'HOME': '/builddir', 'HOSTNAME': 'mock', 'PATH': '/usr/bin:/bin:/usr/sbin:/sbin', 'LANG': 'C.UTF-8'} and shell False
DEBUG util.py:461:  configuration error - unknown item 'HMAC_CRYPTO_ALGO' (notify administrator)
DEBUG util.py:610:  Child return code was: 0
DEBUG util.py:636:  child environment: None
DEBUG util.py:558:  Executing command: ['useradd', 'mockbuild', '-o', '-u', '988', '-g', '135', '-N', '-d', '/builddir', '--prefix', '/mnt/build/mock/rhel-10.0-z-build-14019966-8969049/root'] with env {'TERM': 'vt100', 'SHELL': '/bin/sh', 'HOME': '/builddir', 'HOSTNAME': 'mock', 'PATH': '/usr/bin:/bin:/usr/sbin:/sbin', 'LANG': 'C.UTF-8'} and shell False
DEBUG util.py:461:  configuration error - unknown item 'HMAC_CRYPTO_ALGO' (notify administrator)
DEBUG util.py:461:  useradd: warning: the home directory already exists.
DEBUG util.py:461:  Not copying any file from skel directory into it.
DEBUG util.py:461:  Creating mailbox file: File exists
DEBUG util.py:610:  Child return code was: 0
DEBUG file_util.py:30:  touching file: /mnt/build/mock/rhel-10.0-z-build-14019966-8969049/root/.initialized
INFO backend.py:391:  Running in chroot: ['uname -r']
DEBUG util.py:636:  child environment: None
DEBUG util.py:553:  Using nspawn with args ['--rlimit=RLIMIT_NOFILE=16384:16384', '--setenv=KRB5CCNAME=/var/tmp/krb5cc_koji', '--bind=/tmp/mock-resolv.qzqs8i8a:/etc/resolv.conf', '--bind=/dev/mapper/control', '--bind=/dev/fuse', '--bind=/dev/loop-control', '--bind=/dev/loop0', '--bind=/dev/loop1', '--bind=/dev/loop2', '--bind=/dev/loop3', '--bind=/dev/loop4', '--bind=/dev/loop5', '--bind=/dev/loop6', '--bind=/dev/loop7', '--bind=/dev/loop8', '--bind=/dev/loop9', '--bind=/dev/loop10', '--bind=/dev/loop11']
DEBUG util.py:558:  Executing command: ['/usr/bin/systemd-nspawn', '-q', '-M', '9d2170469d4948c7b44b4fd912fd6307', '-D', '/mnt/build/mock/rhel-10.0-z-build-14019966-8969049/root', '-a', '--rlimit=RLIMIT_NOFILE=16384:16384', '--setenv=KRB5CCNAME=/var/tmp/krb5cc_koji', '--bind=/tmp/mock-resolv.qzqs8i8a:/etc/resolv.conf', '--bind=/dev/mapper/control', '--bind=/dev/fuse', '--bind=/dev/loop-control', '--bind=/dev/loop0', '--bind=/dev/loop1', '--bind=/dev/loop2', '--bind=/dev/loop3', '--bind=/dev/loop4', '--bind=/dev/loop5', '--bind=/dev/loop6', '--bind=/dev/loop7', '--bind=/dev/loop8', '--bind=/dev/loop9', '--bind=/dev/loop10', '--bind=/dev/loop11', '--setenv=TERM=vt100', '--setenv=SHELL=/bin/bash', '--setenv=HOME=/builddir', '--setenv=HOSTNAME=mock', '--setenv=PATH=/usr/bin:/bin:/usr/sbin:/sbin', '--setenv=PROMPT_COMMAND=printf "\\033]0;<mock-chroot>\\007"', '--setenv=PS1=<mock-chroot> \\s-\\v\\$ ', '--setenv=LANG=C.UTF-8', '--resolv-conf=off', '/bin/sh', '-c', 'uname -r'] with env {'TERM': 'vt100', 'SHELL': '/bin/bash', 'HOME': '/builddir', 'HOSTNAME': 'mock', 'PATH': '/usr/bin:/bin:/usr/sbin:/sbin', 'PROMPT_COMMAND': 'printf "\\033]0;<mock-chroot>\\007"', 'PS1': '<mock-chroot> \\s-\\v\\$ ', 'LANG': 'C.UTF-8', 'SYSTEMD_NSPAWN_TMPFS_TMP': '0', 'SYSTEMD_SECCOMP': '0'} and shell False
DEBUG util.py:463:  4.18.0-553.63.1.el8_10.aarch64
DEBUG util.py:610:  Child return code was: 0
DEBUG util.py:185:  kill orphans in chroot /mnt/build/mock/rhel-10.0-z-build-14019966-8969049/root
INFO buildroot.py:602:  Mock Version: 5.3
DEBUG file_util.py:18:  ensuring that dir exists: /mnt/build/mock/rhel-10.0-z-build-14019966-8969049
DEBUG file_util.py:18:  ensuring that dir exists: /mnt/build/mock/rhel-10.0-z-build-14019966-8969049/root
DEBUG file_util.py:18:  ensuring that dir exists: /mnt/build/mock/rhel-10.0-z-build-14019966-8969049/result
INFO buildroot.py:284:  calling preinit hooks
DEBUG util.py:636:  child environment: None
DEBUG util.py:558:  Executing command: ['/usr/bin/lscpu'] with env {'TERM': 'vt100', 'SHELL': '/bin/sh', 'HOME': '/builddir', 'HOSTNAME': 'mock', 'PATH': '/usr/bin:/bin:/usr/sbin:/sbin', 'LANG': 'C.UTF-8'} and shell False
DEBUG util.py:463:  Architecture:        aarch64
DEBUG util.py:463:  Byte Order:          Little Endian
DEBUG util.py:463:  CPU(s):              4
DEBUG util.py:463:  On-line CPU(s) list: 0-3
DEBUG util.py:463:  Thread(s) per core:  1
DEBUG util.py:463:  Core(s) per socket:  4
DEBUG util.py:463:  Socket(s):           1
DEBUG util.py:463:  NUMA node(s):        1
DEBUG util.py:463:  Vendor ID:           ARM
DEBUG util.py:463:  Model:               1
DEBUG util.py:463:  Stepping:            r1p1
DEBUG util.py:463:  BogoMIPS:            2100.00
DEBUG util.py:463:  L1d cache:           64K
DEBUG util.py:463:  L1i cache:           64K
DEBUG util.py:463:  L2 cache:            1024K
DEBUG util.py:463:  L3 cache:            32768K
DEBUG util.py:463:  NUMA node0 CPU(s):   0-3
DEBUG util.py:463:  Flags:               fp asimd evtstrm aes pmull sha1 sha2 crc32 atomics fphp asimdhp cpuid asimdrdm jscvt fcma lrcpc dcpop sha3 sm3 sm4 asimddp sha512 sve asimdfhm dit uscat ilrcpc flagm ssbs dcpodp svei8mm svebf16 i8mm bf16 dgh rng
DEBUG util.py:610:  Child return code was: 0
DEBUG util.py:636:  child environment: None
DEBUG util.py:558:  Executing command: ['/bin/free'] with env {'TERM': 'vt100', 'SHELL': '/bin/sh', 'HOME': '/builddir', 'HOSTNAME': 'mock', 'PATH': '/usr/bin:/bin:/usr/sbin:/sbin', 'LANG': 'C.UTF-8'} and shell False
DEBUG util.py:463:                total        used        free      shared  buff/cache   available
DEBUG util.py:463:  Mem:       15848832     1484672     5176768      228800     9187392    11773248
DEBUG util.py:463:  Swap:             0           0           0
DEBUG util.py:610:  Child return code was: 0
DEBUG util.py:636:  child environment: None
DEBUG util.py:558:  Executing command: ['/bin/df', '-H', '/mnt/build/mock/rhel-10.0-z-build-14019966-8969049/root', '/var/cache/mock'] with env {'TERM': 'vt100', 'SHELL': '/bin/sh', 'HOME': '/builddir', 'HOSTNAME': 'mock', 'PATH': '/usr/bin:/bin:/usr/sbin:/sbin', 'LANG': 'C.UTF-8'} and shell False
DEBUG util.py:463:  Filesystem      Size  Used Avail Use% Mounted on
DEBUG util.py:463:  /dev/nvme0n1p3  214G   13G  202G   6% /
DEBUG util.py:463:  /dev/nvme0n1p3  214G   13G  202G   6% /
DEBUG util.py:610:  Child return code was: 0
DEBUG buildroot.py:658:  create skeleton dirs
DEBUG file_util.py:18:  ensuring that dir exists: /mnt/build/mock/rhel-10.0-z-build-14019966-8969049/root/var/lib/rpm
DEBUG file_util.py:18:  ensuring that dir exists: /mnt/build/mock/rhel-10.0-z-build-14019966-8969049/root/var/lib/yum
DEBUG file_util.py:18:  ensuring that dir exists: /mnt/build/mock/rhel-10.0-z-build-14019966-8969049/root/var/lib/dbus
DEBUG file_util.py:18:  ensuring that dir exists: /mnt/build/mock/rhel-10.0-z-build-14019966-8969049/root/var/log
DEBUG file_util.py:18:  ensuring that dir exists: /mnt/build/mock/rhel-10.0-z-build-14019966-8969049/root/var/cache/dnf
DEBUG file_util.py:18:  ensuring that dir exists: /mnt/build/mock/rhel-10.0-z-build-14019966-8969049/root/var/cache/yum
DEBUG file_util.py:18:  ensuring that dir exists: /mnt/build/mock/rhel-10.0-z-build-14019966-8969049/root/etc/rpm
DEBUG file_util.py:18:  ensuring that dir exists: /mnt/build/mock/rhel-10.0-z-build-14019966-8969049/root/tmp
DEBUG file_util.py:18:  ensuring that dir exists: /mnt/build/mock/rhel-10.0-z-build-14019966-8969049/root/tmp/ccache
DEBUG file_util.py:18:  ensuring that dir exists: /mnt/build/mock/rhel-10.0-z-build-14019966-8969049/root/var/tmp
DEBUG file_util.py:18:  ensuring that dir exists: /mnt/build/mock/rhel-10.0-z-build-14019966-8969049/root/etc/dnf
DEBUG file_util.py:18:  ensuring that dir exists: /mnt/build/mock/rhel-10.0-z-build-14019966-8969049/root/etc/dnf/vars
DEBUG file_util.py:18:  ensuring that dir exists: /mnt/build/mock/rhel-10.0-z-build-14019966-8969049/root/etc/yum.repos.d
DEBUG file_util.py:21:  created dir: /mnt/build/mock/rhel-10.0-z-build-14019966-8969049/root/etc/yum.repos.d
DEBUG file_util.py:18:  ensuring that dir exists: /mnt/build/mock/rhel-10.0-z-build-14019966-8969049/root/etc/yum
DEBUG file_util.py:18:  ensuring that dir exists: /mnt/build/mock/rhel-10.0-z-build-14019966-8969049/root/proc
DEBUG file_util.py:18:  ensuring that dir exists: /mnt/build/mock/rhel-10.0-z-build-14019966-8969049/root/sys
DEBUG file_util.py:18:  ensuring that dir exists: /mnt/build/mock/rhel-10.0-z-build-14019966-8969049/root/dev/pts
DEBUG file_util.py:18:  ensuring that dir exists: /mnt/build/mock/rhel-10.0-z-build-14019966-8969049/root/dev/shm
DEBUG file_util.py:18:  ensuring that dir exists: /mnt/build/mock/rhel-10.0-z-build-14019966-8969049/root/dev/mapper
DEBUG file_util.py:21:  created dir: /mnt/build/mock/rhel-10.0-z-build-14019966-8969049/root/dev/mapper
DEBUG buildroot.py:802:  kernel version == 4.18.0-553.63.1.el8_10.aarch64
DEBUG file_util.py:30:  touching file: /mnt/build/mock/rhel-10.0-z-build-14019966-8969049/root/etc/fstab
DEBUG file_util.py:30:  touching file: /mnt/build/mock/rhel-10.0-z-build-14019966-8969049/root/etc/yum/yum.conf
DEBUG file_util.py:30:  touching file: /mnt/build/mock/rhel-10.0-z-build-14019966-8969049/root/etc/dnf/dnf.conf
DEBUG file_util.py:30:  touching file: /mnt/build/mock/rhel-10.0-z-build-14019966-8969049/root/var/log/yum.log
DEBUG buildroot.py:298:  rootdir = /mnt/build/mock/rhel-10.0-z-build-14019966-8969049/root
DEBUG buildroot.py:299:  resultdir = /mnt/build/mock/rhel-10.0-z-build-14019966-8969049/result
DEBUG package_manager.py:56:  searching for 'dnf' package manager or alternatives
INFO buildroot.py:175:  Package manager dnf detected and used (fallback)
DEBUG file_util.py:18:  ensuring that dir exists: /mnt/build/mock/rhel-10.0-z-build-14019966-8969049/root/etc/pki/mock
DEBUG file_util.py:158:  Updating files in /mnt/build/mock/rhel-10.0-z-build-14019966-8969049/root/etc/pki/ca-trust with files from /etc/pki/ca-trust
DEBUG file_util.py:18:  ensuring that dir exists: /mnt/build/mock/rhel-10.0-z-build-14019966-8969049/root/etc/pki/ca-trust
DEBUG file_util.py:18:  ensuring that dir exists: /mnt/build/mock/rhel-10.0-z-build-14019966-8969049/root/etc/pki/ca-trust/./extracted
DEBUG file_util.py:18:  ensuring that dir exists: /mnt/build/mock/rhel-10.0-z-build-14019966-8969049/root/etc/pki/ca-trust/./source
DEBUG file_util.py:18:  ensuring that dir exists: /mnt/build/mock/rhel-10.0-z-build-14019966-8969049/root/etc/pki/ca-trust/extracted/edk2
DEBUG file_util.py:18:  ensuring that dir exists: /mnt/build/mock/rhel-10.0-z-build-14019966-8969049/root/etc/pki/ca-trust/extracted/java
DEBUG file_util.py:18:  ensuring that dir exists: /mnt/build/mock/rhel-10.0-z-build-14019966-8969049/root/etc/pki/ca-trust/extracted/openssl
DEBUG file_util.py:18:  ensuring that dir exists: /mnt/build/mock/rhel-10.0-z-build-14019966-8969049/root/etc/pki/ca-trust/extracted/pem
DEBUG file_util.py:18:  ensuring that dir exists: /mnt/build/mock/rhel-10.0-z-build-14019966-8969049/root/etc/pki/ca-trust/source/anchors
DEBUG file_util.py:18:  ensuring that dir exists: /mnt/build/mock/rhel-10.0-z-build-14019966-8969049/root/etc/pki/ca-trust/source/blacklist
DEBUG file_util.py:158:  Updating files in /mnt/build/mock/rhel-10.0-z-build-14019966-8969049/root/usr/share/pki/ca-trust-source with files from /usr/share/pki/ca-trust-source
DEBUG file_util.py:18:  ensuring that dir exists: /mnt/build/mock/rhel-10.0-z-build-14019966-8969049/root/usr/share/pki/ca-trust-source
DEBUG file_util.py:18:  ensuring that dir exists: /mnt/build/mock/rhel-10.0-z-build-14019966-8969049/root/usr/share/pki/ca-trust-source/./anchors
DEBUG file_util.py:18:  ensuring that dir exists: /mnt/build/mock/rhel-10.0-z-build-14019966-8969049/root/usr/share/pki/ca-trust-source/./blacklist
DEBUG file_util.py:18:  ensuring that dir exists: /mnt/build/mock/rhel-10.0-z-build-14019966-8969049/root/etc/dnf
DEBUG package_manager.py:689:  configure DNF vars
DEBUG file_util.py:18:  ensuring that dir exists: /mnt/build/mock/rhel-10.0-z-build-14019966-8969049/root/etc
DEBUG file_util.py:18:  ensuring that dir exists: /mnt/build/mock/rhel-10.0-z-build-14019966-8969049/root/etc
DEBUG util.py:636:  child environment: None
DEBUG util.py:558:  Executing command: ['rpm', '-q', 'rpm', 'rpm-sequoia', 'python3-dnf', 'python3-dnf-plugins-core', 'yum', 'yum-utils', 'dnf5', 'dnf5-plugins'] with env {'TERM': 'vt100', 'SHELL': '/bin/sh', 'HOME': '/builddir', 'HOSTNAME': 'mock', 'PATH': '/usr/bin:/bin:/usr/sbin:/sbin', 'LANG': 'C.UTF-8'} and shell False
DEBUG util.py:463:  rpm-4.14.3-32.el8_10.aarch64
DEBUG util.py:463:  package rpm-sequoia is not installed
DEBUG util.py:463:  python3-dnf-4.7.0-21.el8_10.noarch
DEBUG util.py:463:  python3-dnf-plugins-core-4.0.21-25.el8.noarch
DEBUG util.py:463:  yum-4.7.0-21.el8_10.noarch
DEBUG util.py:463:  yum-utils-4.0.21-25.el8.noarch
DEBUG util.py:463:  package dnf5 is not installed
DEBUG util.py:463:  package dnf5-plugins is not installed
DEBUG util.py:610:  Child return code was: 3
INFO package_manager.py:195:  Buildroot is handled by package management from host and used with --installroot:
  rpm-4.14.3-32.el8_10.aarch64
  python3-dnf-4.7.0-21.el8_10.noarch
  python3-dnf-plugins-core-4.0.21-25.el8.noarch
  yum-4.7.0-21.el8_10.noarch
  yum-utils-4.0.21-25.el8.noarch
DEBUG file_util.py:18:  ensuring that dir exists: /mnt/build/mock/rhel-10.0-z-build-14019966-8969049/root/builddir/build
DEBUG file_util.py:18:  ensuring that dir exists: /mnt/build/mock/rhel-10.0-z-build-14019966-8969049/root/builddir/build/RPMS
DEBUG file_util.py:21:  created dir: /mnt/build/mock/rhel-10.0-z-build-14019966-8969049/root/builddir/build/RPMS
DEBUG file_util.py:18:  ensuring that dir exists: /mnt/build/mock/rhel-10.0-z-build-14019966-8969049/root/builddir/build/SPECS
DEBUG file_util.py:21:  created dir: /mnt/build/mock/rhel-10.0-z-build-14019966-8969049/root/builddir/build/SPECS
DEBUG file_util.py:18:  ensuring that dir exists: /mnt/build/mock/rhel-10.0-z-build-14019966-8969049/root/builddir/build/SRPMS
DEBUG file_util.py:21:  created dir: /mnt/build/mock/rhel-10.0-z-build-14019966-8969049/root/builddir/build/SRPMS
DEBUG file_util.py:18:  ensuring that dir exists: /mnt/build/mock/rhel-10.0-z-build-14019966-8969049/root/builddir/build/SOURCES
DEBUG file_util.py:18:  ensuring that dir exists: /mnt/build/mock/rhel-10.0-z-build-14019966-8969049/root/builddir/build/BUILD
DEBUG file_util.py:21:  created dir: /mnt/build/mock/rhel-10.0-z-build-14019966-8969049/root/builddir/build/BUILD
DEBUG file_util.py:18:  ensuring that dir exists: /mnt/build/mock/rhel-10.0-z-build-14019966-8969049/root/builddir/build/BUILDROOT
DEBUG file_util.py:21:  created dir: /mnt/build/mock/rhel-10.0-z-build-14019966-8969049/root/builddir/build/BUILDROOT
DEBUG file_util.py:18:  ensuring that dir exists: /mnt/build/mock/rhel-10.0-z-build-14019966-8969049/root/builddir/build/originals
DEBUG file_util.py:21:  created dir: /mnt/build/mock/rhel-10.0-z-build-14019966-8969049/root/builddir/build/originals
DEBUG file_util.py:18:  ensuring that dir exists: /mnt/build/mock/rhel-10.0-z-build-14019966-8969049/root/builddir
DEBUG util.py:636:  child environment: None
DEBUG util.py:558:  Executing command: ['userdel', '-f', 'mockbuild', '--prefix', '/mnt/build/mock/rhel-10.0-z-build-14019966-8969049/root'] with env {'TERM': 'vt100', 'SHELL': '/bin/sh', 'HOME': '/builddir', 'HOSTNAME': 'mock', 'PATH': '/usr/bin:/bin:/usr/sbin:/sbin', 'LANG': 'C.UTF-8'} and shell False
DEBUG util.py:461:  configuration error - unknown item 'HMAC_CRYPTO_ALGO' (notify administrator)
DEBUG util.py:610:  Child return code was: 0
DEBUG util.py:636:  child environment: None
DEBUG util.py:558:  Executing command: ['groupdel', 'mock', '--prefix', '/mnt/build/mock/rhel-10.0-z-build-14019966-8969049/root'] with env {'TERM': 'vt100', 'SHELL': '/bin/sh', 'HOME': '/builddir', 'HOSTNAME': 'mock', 'PATH': '/usr/bin:/bin:/usr/sbin:/sbin', 'LANG': 'C.UTF-8'} and shell False
DEBUG util.py:461:  configuration error - unknown item 'HMAC_CRYPTO_ALGO' (notify administrator)
DEBUG util.py:610:  Child return code was: 0
DEBUG util.py:636:  child environment: None
DEBUG util.py:558:  Executing command: ['groupadd', 'mock', '-g', '135', '--prefix', '/mnt/build/mock/rhel-10.0-z-build-14019966-8969049/root'] with env {'TERM': 'vt100', 'SHELL': '/bin/sh', 'HOME': '/builddir', 'HOSTNAME': 'mock', 'PATH': '/usr/bin:/bin:/usr/sbin:/sbin', 'LANG': 'C.UTF-8'} and shell False
DEBUG util.py:461:  configuration error - unknown item 'HMAC_CRYPTO_ALGO' (notify administrator)
DEBUG util.py:610:  Child return code was: 0
DEBUG util.py:636:  child environment: None
DEBUG util.py:558:  Executing command: ['useradd', 'mockbuild', '-o', '-u', '988', '-g', '135', '-N', '-d', '/builddir', '--prefix', '/mnt/build/mock/rhel-10.0-z-build-14019966-8969049/root'] with env {'TERM': 'vt100', 'SHELL': '/bin/sh', 'HOME': '/builddir', 'HOSTNAME': 'mock', 'PATH': '/usr/bin:/bin:/usr/sbin:/sbin', 'LANG': 'C.UTF-8'} and shell False
DEBUG util.py:461:  configuration error - unknown item 'HMAC_CRYPTO_ALGO' (notify administrator)
DEBUG util.py:461:  useradd: warning: the home directory already exists.
DEBUG util.py:461:  Not copying any file from skel directory into it.
DEBUG util.py:461:  Creating mailbox file: File exists
DEBUG util.py:610:  Child return code was: 0
DEBUG file_util.py:30:  touching file: /mnt/build/mock/rhel-10.0-z-build-14019966-8969049/root/.initialized
DEBUG util.py:636:  child environment: None
DEBUG util.py:553:  Using nspawn with args ['--rlimit=RLIMIT_NOFILE=16384:16384', '--setenv=KRB5CCNAME=/var/tmp/krb5cc_koji', '--bind=/tmp/mock-resolv.c29o5_et:/etc/resolv.conf', '--bind=/dev/mapper/control', '--bind=/dev/fuse', '--bind=/dev/loop-control', '--bind=/dev/loop0', '--bind=/dev/loop1', '--bind=/dev/loop2', '--bind=/dev/loop3', '--bind=/dev/loop4', '--bind=/dev/loop5', '--bind=/dev/loop6', '--bind=/dev/loop7', '--bind=/dev/loop8', '--bind=/dev/loop9', '--bind=/dev/loop10', '--bind=/dev/loop11']
DEBUG util.py:558:  Executing command: ['/usr/bin/systemd-nspawn', '-q', '-M', 'b137c007d30749988850e0b502d785fb', '-D', '/mnt/build/mock/rhel-10.0-z-build-14019966-8969049/root', '-a', '-u', 'mockbuild', '--rlimit=RLIMIT_NOFILE=16384:16384', '--setenv=KRB5CCNAME=/var/tmp/krb5cc_koji', '--bind=/tmp/mock-resolv.c29o5_et:/etc/resolv.conf', '--bind=/dev/mapper/control', '--bind=/dev/fuse', '--bind=/dev/loop-control', '--bind=/dev/loop0', '--bind=/dev/loop1', '--bind=/dev/loop2', '--bind=/dev/loop3', '--bind=/dev/loop4', '--bind=/dev/loop5', '--bind=/dev/loop6', '--bind=/dev/loop7', '--bind=/dev/loop8', '--bind=/dev/loop9', '--bind=/dev/loop10', '--bind=/dev/loop11', '--setenv=TERM=vt100', '--setenv=SHELL=/bin/bash', '--setenv=HOME=/builddir', '--setenv=HOSTNAME=mock', '--setenv=PATH=/usr/bin:/bin:/usr/sbin:/sbin', '--setenv=PROMPT_COMMAND=printf "\\033]0;<mock-chroot>\\007"', '--setenv=PS1=<mock-chroot> \\s-\\v\\$ ', '--setenv=LANG=C.UTF-8', '--resolv-conf=off', '/bin/rpm', '-Uvh', '--nodeps', '/builddir/build/originals/shim-unsigned-aarch64-16.1-1.el10.src.rpm'] with env {'TERM': 'vt100', 'SHELL': '/bin/bash', 'HOME': '/builddir', 'HOSTNAME': 'mock', 'PATH': '/usr/bin:/bin:/usr/sbin:/sbin', 'PROMPT_COMMAND': 'printf "\\033]0;<mock-chroot>\\007"', 'PS1': '<mock-chroot> \\s-\\v\\$ ', 'LANG': 'C.UTF-8', 'SYSTEMD_NSPAWN_TMPFS_TMP': '0', 'SYSTEMD_SECCOMP': '0'} and shell False
DEBUG util.py:461:  warning: Found bdb_ro Packages database while attempting sqlite backend: using bdb_ro backend.
DEBUG util.py:463:  Updating / installing...
DEBUG util.py:463:  shim-unsigned-aarch64-16.1-1.el10     ########################################
DEBUG util.py:610:  Child return code was: 0
DEBUG util.py:636:  child environment: None
DEBUG util.py:553:  Using nspawn with args ['--rlimit=RLIMIT_NOFILE=16384:16384', '--setenv=KRB5CCNAME=/var/tmp/krb5cc_koji', '--bind=/tmp/mock-resolv.c29o5_et:/etc/resolv.conf', '--bind=/dev/mapper/control', '--bind=/dev/fuse', '--bind=/dev/loop-control', '--bind=/dev/loop0', '--bind=/dev/loop1', '--bind=/dev/loop2', '--bind=/dev/loop3', '--bind=/dev/loop4', '--bind=/dev/loop5', '--bind=/dev/loop6', '--bind=/dev/loop7', '--bind=/dev/loop8', '--bind=/dev/loop9', '--bind=/dev/loop10', '--bind=/dev/loop11']
DEBUG util.py:558:  Executing command: ['/usr/bin/systemd-nspawn', '-q', '-M', '3e49730889f74b6f8ccc19c36f779d4a', '-D', '/mnt/build/mock/rhel-10.0-z-build-14019966-8969049/root', '-a', '-u', 'mockbuild', '--rlimit=RLIMIT_NOFILE=16384:16384', '--setenv=KRB5CCNAME=/var/tmp/krb5cc_koji', '--bind=/tmp/mock-resolv.c29o5_et:/etc/resolv.conf', '--bind=/dev/mapper/control', '--bind=/dev/fuse', '--bind=/dev/loop-control', '--bind=/dev/loop0', '--bind=/dev/loop1', '--bind=/dev/loop2', '--bind=/dev/loop3', '--bind=/dev/loop4', '--bind=/dev/loop5', '--bind=/dev/loop6', '--bind=/dev/loop7', '--bind=/dev/loop8', '--bind=/dev/loop9', '--bind=/dev/loop10', '--bind=/dev/loop11', '--setenv=TERM=vt100', '--setenv=SHELL=/bin/bash', '--setenv=HOME=/builddir', '--setenv=HOSTNAME=mock', '--setenv=PATH=/usr/bin:/bin:/usr/sbin:/sbin', '--setenv=PROMPT_COMMAND=printf "\\033]0;<mock-chroot>\\007"', '--setenv=PS1=<mock-chroot> \\s-\\v\\$ ', '--setenv=LANG=C.UTF-8', '--resolv-conf=off', '/bin/rpm', '-qpl', '/builddir/build/originals/shim-unsigned-aarch64-16.1-1.el10.src.rpm'] with env {'TERM': 'vt100', 'SHELL': '/bin/bash', 'HOME': '/builddir', 'HOSTNAME': 'mock', 'PATH': '/usr/bin:/bin:/usr/sbin:/sbin', 'PROMPT_COMMAND': 'printf "\\033]0;<mock-chroot>\\007"', 'PS1': '<mock-chroot> \\s-\\v\\$ ', 'LANG': 'C.UTF-8', 'SYSTEMD_NSPAWN_TMPFS_TMP': '0', 'SYSTEMD_SECCOMP': '0'} and shell False
DEBUG util.py:461:  warning: Found bdb_ro Packages database while attempting sqlite backend: using bdb_ro backend.
DEBUG util.py:463:  redhatsecurebootca8.cer
DEBUG util.py:463:  sbat.redhat.csv
DEBUG util.py:463:  shim-16.1.tar.bz2
DEBUG util.py:463:  shim-find-debuginfo.sh
DEBUG util.py:463:  shim-unsigned-aarch64.spec
DEBUG util.py:463:  shim.patches
DEBUG util.py:610:  Child return code was: 0
DEBUG util.py:636:  child environment: None
DEBUG util.py:553:  Using nspawn with args None
DEBUG util.py:558:  Executing command: ['/usr/bin/systemd-nspawn', '-q', '-M', '6487f6970f8a406b847f8f97a23313e7', '-D', '/mnt/build/mock/rhel-10.0-z-build-14019966-8969049/root', '-a', '--setenv=TERM=vt100', '--setenv=SHELL=/bin/bash', '--setenv=HOME=/builddir', '--setenv=HOSTNAME=mock', '--setenv=PATH=/usr/bin:/bin:/usr/sbin:/sbin', '--setenv=PROMPT_COMMAND=printf "\\033]0;<mock-chroot>\\007"', '--setenv=PS1=<mock-chroot> \\s-\\v\\$ ', '--setenv=LANG=C.UTF-8', '--resolv-conf=off', '/bin/sh', '-c', 'case $(rpmbuild --help) in *--noclean*) exit 0; esac; exit 1'] with env {'TERM': 'vt100', 'SHELL': '/bin/bash', 'HOME': '/builddir', 'HOSTNAME': 'mock', 'PATH': '/usr/bin:/bin:/usr/sbin:/sbin', 'PROMPT_COMMAND': 'printf "\\033]0;<mock-chroot>\\007"', 'PS1': '<mock-chroot> \\s-\\v\\$ ', 'LANG': 'C.UTF-8', 'SYSTEMD_NSPAWN_TMPFS_TMP': '0', 'SYSTEMD_SECCOMP': '0'} and shell False
DEBUG util.py:610:  Child return code was: 0
DEBUG util.py:636:  child environment: None
DEBUG file_util.py:18:  ensuring that dir exists: /mnt/build/mock/rhel-10.0-z-build-14019966-8969049/root/proc
DEBUG util.py:636:  child environment: None
DEBUG util.py:558:  Executing command: ['/bin/mount', '-n', '-t', 'tmpfs', '-o', 'rprivate,mode=0755', 'tmpfs', '/mnt/build/mock/rhel-10.0-z-build-14019966-8969049/root/proc'] with env {'TERM': 'vt100', 'SHELL': '/bin/sh', 'HOME': '/builddir', 'HOSTNAME': 'mock', 'PATH': '/usr/bin:/bin:/usr/sbin:/sbin', 'LANG': 'C.UTF-8'} and shell False
DEBUG util.py:610:  Child return code was: 0
DEBUG file_util.py:18:  ensuring that dir exists: /mnt/build/mock/rhel-10.0-z-build-14019966-8969049/root/proc
DEBUG util.py:636:  child environment: None
DEBUG util.py:558:  Executing command: ['/bin/mount', '-n', '-o', 'rbind', '/proc', '/mnt/build/mock/rhel-10.0-z-build-14019966-8969049/root/proc'] with env {'TERM': 'vt100', 'SHELL': '/bin/sh', 'HOME': '/builddir', 'HOSTNAME': 'mock', 'PATH': '/usr/bin:/bin:/usr/sbin:/sbin', 'LANG': 'C.UTF-8'} and shell False
DEBUG util.py:610:  Child return code was: 0
DEBUG util.py:636:  child environment: None
DEBUG util.py:558:  Executing command: ['/bin/mount', '-n', '-o', 'remount,nodev,noexec,nosuid,readonly,rprivate,rbind', '--target', '/mnt/build/mock/rhel-10.0-z-build-14019966-8969049/root/proc'] with env {'TERM': 'vt100', 'SHELL': '/bin/sh', 'HOME': '/builddir', 'HOSTNAME': 'mock', 'PATH': '/usr/bin:/bin:/usr/sbin:/sbin', 'LANG': 'C.UTF-8'} and shell False
DEBUG util.py:610:  Child return code was: 0
DEBUG file_util.py:18:  ensuring that dir exists: /mnt/build/mock/rhel-10.0-z-build-14019966-8969049/root/sys
DEBUG util.py:636:  child environment: None
DEBUG util.py:558:  Executing command: ['/bin/mount', '-n', '-t', 'tmpfs', '-o', 'rprivate,mode=0755', 'tmpfs', '/mnt/build/mock/rhel-10.0-z-build-14019966-8969049/root/sys'] with env {'TERM': 'vt100', 'SHELL': '/bin/sh', 'HOME': '/builddir', 'HOSTNAME': 'mock', 'PATH': '/usr/bin:/bin:/usr/sbin:/sbin', 'LANG': 'C.UTF-8'} and shell False
DEBUG util.py:610:  Child return code was: 0
DEBUG file_util.py:18:  ensuring that dir exists: /mnt/build/mock/rhel-10.0-z-build-14019966-8969049/root/sys
DEBUG util.py:636:  child environment: None
DEBUG util.py:558:  Executing command: ['/bin/mount', '-n', '-o', 'rbind', '/sys', '/mnt/build/mock/rhel-10.0-z-build-14019966-8969049/root/sys'] with env {'TERM': 'vt100', 'SHELL': '/bin/sh', 'HOME': '/builddir', 'HOSTNAME': 'mock', 'PATH': '/usr/bin:/bin:/usr/sbin:/sbin', 'LANG': 'C.UTF-8'} and shell False
DEBUG util.py:610:  Child return code was: 0
DEBUG util.py:636:  child environment: None
DEBUG util.py:558:  Executing command: ['/bin/mount', '-n', '-o', 'remount,nodev,noexec,nosuid,readonly,rprivate,rbind', '--target', '/mnt/build/mock/rhel-10.0-z-build-14019966-8969049/root/sys'] with env {'TERM': 'vt100', 'SHELL': '/bin/sh', 'HOME': '/builddir', 'HOSTNAME': 'mock', 'PATH': '/usr/bin:/bin:/usr/sbin:/sbin', 'LANG': 'C.UTF-8'} and shell False
DEBUG util.py:610:  Child return code was: 0
DEBUG file_util.py:18:  ensuring that dir exists: /mnt/build/mock/rhel-10.0-z-build-14019966-8969049/root/dev/shm
DEBUG util.py:636:  child environment: None
DEBUG util.py:558:  Executing command: ['/bin/mount', '-n', '-t', 'tmpfs', 'tmpfs', '/mnt/build/mock/rhel-10.0-z-build-14019966-8969049/root/dev/shm'] with env {'TERM': 'vt100', 'SHELL': '/bin/sh', 'HOME': '/builddir', 'HOSTNAME': 'mock', 'PATH': '/usr/bin:/bin:/usr/sbin:/sbin', 'LANG': 'C.UTF-8'} and shell False
DEBUG util.py:610:  Child return code was: 0
DEBUG file_util.py:18:  ensuring that dir exists: /mnt/build/mock/rhel-10.0-z-build-14019966-8969049/root/dev/pts
DEBUG util.py:636:  child environment: None
DEBUG util.py:558:  Executing command: ['/bin/mount', '-n', '-t', 'devpts', '-o', 'gid=5,mode=0620,ptmxmode=0666,newinstance', 'devpts', '/mnt/build/mock/rhel-10.0-z-build-14019966-8969049/root/dev/pts'] with env {'TERM': 'vt100', 'SHELL': '/bin/sh', 'HOME': '/builddir', 'HOSTNAME': 'mock', 'PATH': '/usr/bin:/bin:/usr/sbin:/sbin', 'LANG': 'C.UTF-8'} and shell False
DEBUG util.py:610:  Child return code was: 0
DEBUG util.py:636:  child environment: None
DEBUG util.py:558:  Executing command: ['/bin/mount', '-n', '-o', 'bind', '/tmp/mock-selinux-plugin.bf2a8ttq', '/mnt/build/mock/rhel-10.0-z-build-14019966-8969049/root/proc/filesystems'] with env {'TERM': 'vt100', 'SHELL': '/bin/sh', 'HOME': '/builddir', 'HOSTNAME': 'mock', 'PATH': '/usr/bin:/bin:/usr/sbin:/sbin', 'LANG': 'C.UTF-8'} and shell False
DEBUG util.py:610:  Child return code was: 0
DEBUG file_util.py:18:  ensuring that dir exists: /mnt/build/mock/rhel-10.0-z-build-14019966-8969049/root/sys/fs/selinux
DEBUG util.py:636:  child environment: None
DEBUG util.py:558:  Executing command: ['/bin/mount', '-n', '-t', 'tmpfs', 'tmpfs', '/mnt/build/mock/rhel-10.0-z-build-14019966-8969049/root/sys/fs/selinux'] with env {'TERM': 'vt100', 'SHELL': '/bin/sh', 'HOME': '/builddir', 'HOSTNAME': 'mock', 'PATH': '/usr/bin:/bin:/usr/sbin:/sbin', 'LANG': 'C.UTF-8'} and shell False
DEBUG util.py:610:  Child return code was: 0
DEBUG file_util.py:18:  ensuring that dir exists: /mnt/build/mock/rhel-10.0-z-build-14019966-8969049/root/installation-homedir
DEBUG package_manager.py:289:  ['/usr/bin/dnf-3', 'builddep', '--installroot', '/mnt/build/mock/rhel-10.0-z-build-14019966-8969049/root/', '--setopt=deltarpm=False', '--setopt=allow_vendor_change=yes', '--allowerasing', '--disableplugin=local', '--disableplugin=spacewalk', '--disableplugin=versionlock', '/mnt/build/mock/rhel-10.0-z-build-14019966-8969049/root//builddir/build/SRPMS/shim-unsigned-aarch64-16.1-1.el10.src.rpm']
DEBUG util.py:636:  child environment: None
DEBUG util.py:558:  Executing command: ['/usr/bin/dnf-3', 'builddep', '--installroot', '/mnt/build/mock/rhel-10.0-z-build-14019966-8969049/root/', '--setopt=deltarpm=False', '--setopt=allow_vendor_change=yes', '--allowerasing', '--disableplugin=local', '--disableplugin=spacewalk', '--disableplugin=versionlock', '/mnt/build/mock/rhel-10.0-z-build-14019966-8969049/root//builddir/build/SRPMS/shim-unsigned-aarch64-16.1-1.el10.src.rpm', '--setopt=tsflags=nocontexts'] with env {'TERM': 'vt100', 'SHELL': '/bin/bash', 'HOME': '/mnt/build/mock/rhel-10.0-z-build-14019966-8969049/root/installation-homedir', 'HOSTNAME': 'mock', 'PATH': '/usr/bin:/bin:/usr/sbin:/sbin', 'PROMPT_COMMAND': 'printf "\\033]0;<mock-chroot>\\007"', 'PS1': '<mock-chroot> \\s-\\v\\$ ', 'LANG': 'C.UTF-8', 'LC_MESSAGES': 'C.UTF-8'} and shell False
DEBUG util.py:461:  No matches found for the following disable plugin patterns: local, spacewalk
DEBUG util.py:461:  /usr/lib/python3.6/site-packages/requests/__init__.py:91: RequestsDependencyWarning: urllib3 (1.26.18) or chardet (3.0.4) doesn't match a supported version!
DEBUG util.py:461:    RequestsDependencyWarning)
DEBUG util.py:463:  Updating Subscription Management repositories.
DEBUG util.py:463:  Unable to read consumer identity
DEBUG util.py:463:  This system is not registered with an entitlement server. You can use subscription-manager to register.
DEBUG util.py:463:  Package findutils-1:4.10.0-5.el10.aarch64 is already installed.
DEBUG util.py:463:  Package make-1:4.4.1-9.el10.aarch64 is already installed.
DEBUG util.py:463:  Dependencies resolved.
DEBUG util.py:463:  ================================================================================
DEBUG util.py:463:   Package                   Arch       Version                    Repo      Size
DEBUG util.py:463:  ================================================================================
DEBUG util.py:463:  Installing:
DEBUG util.py:463:   dos2unix                  aarch64    7.5.2-3.el10               build    293 k
DEBUG util.py:463:   elfutils-libelf-devel     aarch64    0.192-6.el10_0             build     40 k
DEBUG util.py:463:   gcc                       aarch64    14.2.1-7.el10              build     34 M
DEBUG util.py:463:   git                       aarch64    2.47.3-1.el10_0            build     50 k
DEBUG util.py:463:   openssl                   aarch64    1:3.2.2-16.el10_0.4        build    1.1 M
DEBUG util.py:463:   openssl-devel             aarch64    1:3.2.2-16.el10_0.4        build    2.7 M
DEBUG util.py:463:   pesign                    aarch64    116-6.el10                 build    186 k
DEBUG util.py:463:  Installing dependencies:
DEBUG util.py:463:   annobin-docs              noarch     12.92-1.el10               build     91 k
DEBUG util.py:463:   annobin-plugin-gcc        aarch64    12.92-1.el10               build    982 k
DEBUG util.py:463:   cmake-filesystem          aarch64    3.30.5-3.el10_0            build     15 k
DEBUG util.py:463:   cpp                       aarch64    14.2.1-7.el10              build     11 M
DEBUG util.py:463:   efivar-libs               aarch64    39-3.el10                  build    122 k
DEBUG util.py:463:   expat                     aarch64    2.7.1-1.el10_0             build    111 k
DEBUG util.py:463:   gcc-plugin-annobin        aarch64    14.2.1-7.el10              build     59 k
DEBUG util.py:463:   git-core                  aarch64    2.47.3-1.el10_0            build    4.9 M
DEBUG util.py:463:   git-core-doc              noarch     2.47.3-1.el10_0            build    2.8 M
DEBUG util.py:463:   glibc-devel               aarch64    2.39-46.el10_0             build    489 k
DEBUG util.py:463:   groff-base                aarch64    1.23.0-10.el10             build    1.0 M
DEBUG util.py:463:   kernel-headers            aarch64    6.12.0-55.30.1.el10_0      build    2.1 M
DEBUG util.py:463:   less                      aarch64    661-3.el10                 build    189 k
DEBUG util.py:463:   libasan                   aarch64    14.2.1-7.el10              build    493 k
DEBUG util.py:463:   libatomic                 aarch64    14.2.1-7.el10              build     46 k
DEBUG util.py:463:   libcbor                   aarch64    0.11.0-3.el10              build     32 k
DEBUG util.py:463:   libedit                   aarch64    3.1-52.20230828cvs.el10    build    105 k
DEBUG util.py:463:   libfido2                  aarch64    1.14.0-7.el10              build     96 k
DEBUG util.py:463:   libmpc                    aarch64    1.3.1-7.el10               build     72 k
DEBUG util.py:463:   libubsan                  aarch64    14.2.1-7.el10              build    215 k
DEBUG util.py:463:   libxcrypt-devel           aarch64    4.4.36-10.el10             build     29 k
DEBUG util.py:463:   libzstd-devel             aarch64    1.5.5-9.el10               build     51 k
DEBUG util.py:463:   mpdecimal                 aarch64    2.5.1-12.el10              build     88 k
DEBUG util.py:463:   ncurses                   aarch64    6.4-14.20240127.el10       build    414 k
DEBUG util.py:463:   nspr                      aarch64    4.36.0-4.el10_0            build    131 k
DEBUG util.py:463:   nss                       aarch64    3.112.0-4.el10_0           build    720 k
DEBUG util.py:463:   nss-softokn               aarch64    3.112.0-4.el10_0           build    386 k
DEBUG util.py:463:   nss-softokn-freebl        aarch64    3.112.0-4.el10_0           build    400 k
DEBUG util.py:463:   nss-sysinit               aarch64    3.112.0-4.el10_0           build     19 k
DEBUG util.py:463:   nss-tools                 aarch64    3.112.0-4.el10_0           build    431 k
DEBUG util.py:463:   nss-util                  aarch64    3.112.0-4.el10_0           build     84 k
DEBUG util.py:463:   openssh                   aarch64    9.9p1-7.el10_0             build    344 k
DEBUG util.py:463:   openssh-clients           aarch64    9.9p1-7.el10_0             build    756 k
DEBUG util.py:463:   perl-AutoLoader           noarch     5.74-512.2.el10_0          build     21 k
DEBUG util.py:463:   perl-B                    aarch64    1.89-512.2.el10_0          build    176 k
DEBUG util.py:463:   perl-Carp                 noarch     1.54-511.el10              build     29 k
DEBUG util.py:463:   perl-Class-Struct         noarch     0.68-512.2.el10_0          build     22 k
DEBUG util.py:463:   perl-Data-Dumper          aarch64    2.189-512.el10             build     55 k
DEBUG util.py:463:   perl-Digest               noarch     1.20-511.el10              build     25 k
DEBUG util.py:463:   perl-Digest-MD5           aarch64    2.59-6.el10                build     36 k
DEBUG util.py:463:   perl-DynaLoader           aarch64    1.56-512.2.el10_0          build     26 k
DEBUG util.py:463:   perl-Encode               aarch64    4:3.21-511.el10            build    1.0 M
DEBUG util.py:463:   perl-Errno                aarch64    1.38-512.2.el10_0          build     15 k
DEBUG util.py:463:   perl-Error                noarch     1:0.17029-18.el10          build     40 k
DEBUG util.py:463:   perl-Exporter             noarch     5.78-511.el10              build     31 k
DEBUG util.py:463:   perl-Fcntl                aarch64    1.18-512.2.el10_0          build     29 k
DEBUG util.py:463:   perl-File-Basename        noarch     2.86-512.2.el10_0          build     17 k
DEBUG util.py:463:   perl-File-Find            noarch     1.44-512.2.el10_0          build     25 k
DEBUG util.py:463:   perl-File-Path            noarch     2.18-511.el10              build     35 k
DEBUG util.py:463:   perl-File-Temp            noarch     1:0.231.100-512.el10       build     59 k
DEBUG util.py:463:   perl-File-stat            noarch     1.14-512.2.el10_0          build     17 k
DEBUG util.py:463:   perl-FileHandle           noarch     2.05-512.2.el10_0          build     15 k
DEBUG util.py:463:   perl-Getopt-Long          noarch     1:2.58-3.el10              build     63 k
DEBUG util.py:463:   perl-Getopt-Std           noarch     1.14-512.2.el10_0          build     15 k
DEBUG util.py:463:   perl-Git                  noarch     2.47.3-1.el10_0            build     37 k
DEBUG util.py:463:   perl-HTTP-Tiny            noarch     0.088-512.el10             build     56 k
DEBUG util.py:463:   perl-IO                   aarch64    1.55-512.2.el10_0          build     77 k
DEBUG util.py:463:   perl-IO-Socket-IP         noarch     0.42-512.el10              build     42 k
DEBUG util.py:463:   perl-IO-Socket-SSL        noarch     2.085-3.el10               build    224 k
DEBUG util.py:463:   perl-IPC-Open3            noarch     1.22-512.2.el10_0          build     21 k
DEBUG util.py:463:   perl-MIME-Base64          aarch64    3.16-511.el10              build     30 k
DEBUG util.py:463:   perl-Mozilla-CA           noarch     20231213-5.el10            build     14 k
DEBUG util.py:463:   perl-Net-SSLeay           aarch64    1.94-7.el10                build    358 k
DEBUG util.py:463:   perl-POSIX                aarch64    2.20-512.2.el10_0          build     97 k
DEBUG util.py:463:   perl-PathTools            aarch64    3.91-512.el10              build     82 k
DEBUG util.py:463:   perl-Pod-Escapes          noarch     1:1.07-511.el10            build     20 k
DEBUG util.py:463:   perl-Pod-Perldoc          noarch     3.28.01-512.el10           build     80 k
DEBUG util.py:463:   perl-Pod-Simple           noarch     1:3.45-511.el10            build    208 k
DEBUG util.py:463:   perl-Pod-Usage            noarch     4:2.03-511.el10            build     40 k
DEBUG util.py:463:   perl-Scalar-List-Utils    aarch64    5:1.63-511.el10            build     71 k
DEBUG util.py:463:   perl-SelectSaver          noarch     1.02-512.2.el10_0          build     11 k
DEBUG util.py:463:   perl-Socket               aarch64    4:2.038-511.el10           build     55 k
DEBUG util.py:463:   perl-Storable             aarch64    1:3.32-511.el10            build     97 k
DEBUG util.py:463:   perl-Symbol               noarch     1.09-512.2.el10_0          build     14 k
DEBUG util.py:463:   perl-Term-ANSIColor       noarch     5.01-512.el10              build     48 k
DEBUG util.py:463:   perl-Term-Cap             noarch     1.18-511.el10              build     22 k
DEBUG util.py:463:   perl-TermReadKey          aarch64    2.38-24.el10               build     36 k
DEBUG util.py:463:   perl-Text-ParseWords      noarch     3.31-511.el10              build     16 k
DEBUG util.py:463:   perl-Text-Tabs+Wrap       noarch     2024.001-511.el10          build     22 k
DEBUG util.py:463:   perl-Time-Local           noarch     2:1.350-511.el10           build     34 k
DEBUG util.py:463:   perl-URI                  noarch     5.27-3.el10                build    119 k
DEBUG util.py:463:   perl-base                 noarch     2.27-512.2.el10_0          build     16 k
DEBUG util.py:463:   perl-constant             noarch     1.33-512.el10              build     23 k
DEBUG util.py:463:   perl-if                   noarch     0.61.000-512.2.el10_0      build     14 k
DEBUG util.py:463:   perl-interpreter          aarch64    4:5.40.2-512.2.el10_0      build     72 k
DEBUG util.py:463:   perl-lib                  aarch64    0.65-512.2.el10_0          build     15 k
DEBUG util.py:463:   perl-libnet               noarch     3.15-512.el10              build    123 k
DEBUG util.py:463:   perl-libs                 aarch64    4:5.40.2-512.2.el10_0      build    2.2 M
DEBUG util.py:463:   perl-locale               noarch     1.12-512.2.el10_0          build     13 k
DEBUG util.py:463:   perl-mro                  aarch64    1.29-512.2.el10_0          build     29 k
DEBUG util.py:463:   perl-overload             noarch     1.37-512.2.el10_0          build     45 k
DEBUG util.py:463:   perl-overloading          noarch     0.02-512.2.el10_0          build     13 k
DEBUG util.py:463:   perl-parent               noarch     1:0.241-512.el10           build     15 k
DEBUG util.py:463:   perl-podlators            noarch     1:5.01-511.el10            build    121 k
DEBUG util.py:463:   perl-vars                 noarch     1.05-512.2.el10_0          build     13 k
DEBUG util.py:463:   python3                   aarch64    3.12.9-2.el10_0.2          build     28 k
DEBUG util.py:463:   python3-libs              aarch64    3.12.9-2.el10_0.2          build    8.8 M
DEBUG util.py:463:   python3-pip-wheel         noarch     23.3.2-7.el10              build    1.5 M
DEBUG util.py:463:   tzdata                    noarch     2025b-1.el10               build    431 k
DEBUG util.py:463:   zlib-ng-compat-devel      aarch64    2.2.3-1.el10               build     38 k
DEBUG util.py:463:  Transaction Summary
DEBUG util.py:463:  ================================================================================
DEBUG util.py:463:  Install  107 Packages
DEBUG util.py:463:  Total download size: 84 M
DEBUG util.py:463:  Installed size: 279 M
DEBUG util.py:463:  Downloading Packages:
DEBUG util.py:463:  --------------------------------------------------------------------------------
DEBUG util.py:463:  Total                                            33 MB/s |  84 MB     00:02     
DEBUG util.py:463:  Running transaction check
DEBUG util.py:463:  Transaction check succeeded.
DEBUG util.py:463:  Running transaction test
DEBUG util.py:463:  Transaction test succeeded.
DEBUG util.py:463:  Running transaction
DEBUG util.py:463:  Installed products updated.
DEBUG util.py:463:  Installed:
DEBUG util.py:463:    annobin-docs-12.92-1.el10.noarch                                              
DEBUG util.py:463:    annobin-plugin-gcc-12.92-1.el10.aarch64                                       
DEBUG util.py:463:    cmake-filesystem-3.30.5-3.el10_0.aarch64                                      
DEBUG util.py:463:    cpp-14.2.1-7.el10.aarch64                                                     
DEBUG util.py:463:    dos2unix-7.5.2-3.el10.aarch64                                                 
DEBUG util.py:463:    efivar-libs-39-3.el10.aarch64                                                 
DEBUG util.py:463:    elfutils-libelf-devel-0.192-6.el10_0.aarch64                                  
DEBUG util.py:463:    expat-2.7.1-1.el10_0.aarch64                                                  
DEBUG util.py:463:    gcc-14.2.1-7.el10.aarch64                                                     
DEBUG util.py:463:    gcc-plugin-annobin-14.2.1-7.el10.aarch64                                      
DEBUG util.py:463:    git-2.47.3-1.el10_0.aarch64                                                   
DEBUG util.py:463:    git-core-2.47.3-1.el10_0.aarch64                                              
DEBUG util.py:463:    git-core-doc-2.47.3-1.el10_0.noarch                                           
DEBUG util.py:463:    glibc-devel-2.39-46.el10_0.aarch64                                            
DEBUG util.py:463:    groff-base-1.23.0-10.el10.aarch64                                             
DEBUG util.py:463:    kernel-headers-6.12.0-55.30.1.el10_0.aarch64                                  
DEBUG util.py:463:    less-661-3.el10.aarch64                                                       
DEBUG util.py:463:    libasan-14.2.1-7.el10.aarch64                                                 
DEBUG util.py:463:    libatomic-14.2.1-7.el10.aarch64                                               
DEBUG util.py:463:    libcbor-0.11.0-3.el10.aarch64                                                 
DEBUG util.py:463:    libedit-3.1-52.20230828cvs.el10.aarch64                                       
DEBUG util.py:463:    libfido2-1.14.0-7.el10.aarch64                                                
DEBUG util.py:463:    libmpc-1.3.1-7.el10.aarch64                                                   
DEBUG util.py:463:    libubsan-14.2.1-7.el10.aarch64                                                
DEBUG util.py:463:    libxcrypt-devel-4.4.36-10.el10.aarch64                                        
DEBUG util.py:463:    libzstd-devel-1.5.5-9.el10.aarch64                                            
DEBUG util.py:463:    mpdecimal-2.5.1-12.el10.aarch64                                               
DEBUG util.py:463:    ncurses-6.4-14.20240127.el10.aarch64                                          
DEBUG util.py:463:    nspr-4.36.0-4.el10_0.aarch64                                                  
DEBUG util.py:463:    nss-3.112.0-4.el10_0.aarch64                                                  
DEBUG util.py:463:    nss-softokn-3.112.0-4.el10_0.aarch64                                          
DEBUG util.py:463:    nss-softokn-freebl-3.112.0-4.el10_0.aarch64                                   
DEBUG util.py:463:    nss-sysinit-3.112.0-4.el10_0.aarch64                                          
DEBUG util.py:463:    nss-tools-3.112.0-4.el10_0.aarch64                                            
DEBUG util.py:463:    nss-util-3.112.0-4.el10_0.aarch64                                             
DEBUG util.py:463:    openssh-9.9p1-7.el10_0.aarch64                                                
DEBUG util.py:463:    openssh-clients-9.9p1-7.el10_0.aarch64                                        
DEBUG util.py:463:    openssl-1:3.2.2-16.el10_0.4.aarch64                                           
DEBUG util.py:463:    openssl-devel-1:3.2.2-16.el10_0.4.aarch64                                     
DEBUG util.py:463:    perl-AutoLoader-5.74-512.2.el10_0.noarch                                      
DEBUG util.py:463:    perl-B-1.89-512.2.el10_0.aarch64                                              
DEBUG util.py:463:    perl-Carp-1.54-511.el10.noarch                                                
DEBUG util.py:463:    perl-Class-Struct-0.68-512.2.el10_0.noarch                                    
DEBUG util.py:463:    perl-Data-Dumper-2.189-512.el10.aarch64                                       
DEBUG util.py:463:    perl-Digest-1.20-511.el10.noarch                                              
DEBUG util.py:463:    perl-Digest-MD5-2.59-6.el10.aarch64                                           
DEBUG util.py:463:    perl-DynaLoader-1.56-512.2.el10_0.aarch64                                     
DEBUG util.py:463:    perl-Encode-4:3.21-511.el10.aarch64                                           
DEBUG util.py:463:    perl-Errno-1.38-512.2.el10_0.aarch64                                          
DEBUG util.py:463:    perl-Error-1:0.17029-18.el10.noarch                                           
DEBUG util.py:463:    perl-Exporter-5.78-511.el10.noarch                                            
DEBUG util.py:463:    perl-Fcntl-1.18-512.2.el10_0.aarch64                                          
DEBUG util.py:463:    perl-File-Basename-2.86-512.2.el10_0.noarch                                   
DEBUG util.py:463:    perl-File-Find-1.44-512.2.el10_0.noarch                                       
DEBUG util.py:463:    perl-File-Path-2.18-511.el10.noarch                                           
DEBUG util.py:463:    perl-File-Temp-1:0.231.100-512.el10.noarch                                    
DEBUG util.py:463:    perl-File-stat-1.14-512.2.el10_0.noarch                                       
DEBUG util.py:463:    perl-FileHandle-2.05-512.2.el10_0.noarch                                      
DEBUG util.py:463:    perl-Getopt-Long-1:2.58-3.el10.noarch                                         
DEBUG util.py:463:    perl-Getopt-Std-1.14-512.2.el10_0.noarch                                      
DEBUG util.py:463:    perl-Git-2.47.3-1.el10_0.noarch                                               
DEBUG util.py:463:    perl-HTTP-Tiny-0.088-512.el10.noarch                                          
DEBUG util.py:463:    perl-IO-1.55-512.2.el10_0.aarch64                                             
DEBUG util.py:463:    perl-IO-Socket-IP-0.42-512.el10.noarch                                        
DEBUG util.py:463:    perl-IO-Socket-SSL-2.085-3.el10.noarch                                        
DEBUG util.py:463:    perl-IPC-Open3-1.22-512.2.el10_0.noarch                                       
DEBUG util.py:463:    perl-MIME-Base64-3.16-511.el10.aarch64                                        
DEBUG util.py:463:    perl-Mozilla-CA-20231213-5.el10.noarch                                        
DEBUG util.py:463:    perl-Net-SSLeay-1.94-7.el10.aarch64                                           
DEBUG util.py:463:    perl-POSIX-2.20-512.2.el10_0.aarch64                                          
DEBUG util.py:463:    perl-PathTools-3.91-512.el10.aarch64                                          
DEBUG util.py:463:    perl-Pod-Escapes-1:1.07-511.el10.noarch                                       
DEBUG util.py:463:    perl-Pod-Perldoc-3.28.01-512.el10.noarch                                      
DEBUG util.py:463:    perl-Pod-Simple-1:3.45-511.el10.noarch                                        
DEBUG util.py:463:    perl-Pod-Usage-4:2.03-511.el10.noarch                                         
DEBUG util.py:463:    perl-Scalar-List-Utils-5:1.63-511.el10.aarch64                                
DEBUG util.py:463:    perl-SelectSaver-1.02-512.2.el10_0.noarch                                     
DEBUG util.py:463:    perl-Socket-4:2.038-511.el10.aarch64                                          
DEBUG util.py:463:    perl-Storable-1:3.32-511.el10.aarch64                                         
DEBUG util.py:463:    perl-Symbol-1.09-512.2.el10_0.noarch                                          
DEBUG util.py:463:    perl-Term-ANSIColor-5.01-512.el10.noarch                                      
DEBUG util.py:463:    perl-Term-Cap-1.18-511.el10.noarch                                            
DEBUG util.py:463:    perl-TermReadKey-2.38-24.el10.aarch64                                         
DEBUG util.py:463:    perl-Text-ParseWords-3.31-511.el10.noarch                                     
DEBUG util.py:463:    perl-Text-Tabs+Wrap-2024.001-511.el10.noarch                                  
DEBUG util.py:463:    perl-Time-Local-2:1.350-511.el10.noarch                                       
DEBUG util.py:463:    perl-URI-5.27-3.el10.noarch                                                   
DEBUG util.py:463:    perl-base-2.27-512.2.el10_0.noarch                                            
DEBUG util.py:463:    perl-constant-1.33-512.el10.noarch                                            
DEBUG util.py:463:    perl-if-0.61.000-512.2.el10_0.noarch                                          
DEBUG util.py:463:    perl-interpreter-4:5.40.2-512.2.el10_0.aarch64                                
DEBUG util.py:463:    perl-lib-0.65-512.2.el10_0.aarch64                                            
DEBUG util.py:463:    perl-libnet-3.15-512.el10.noarch                                              
DEBUG util.py:463:    perl-libs-4:5.40.2-512.2.el10_0.aarch64                                       
DEBUG util.py:463:    perl-locale-1.12-512.2.el10_0.noarch                                          
DEBUG util.py:463:    perl-mro-1.29-512.2.el10_0.aarch64                                            
DEBUG util.py:463:    perl-overload-1.37-512.2.el10_0.noarch                                        
DEBUG util.py:463:    perl-overloading-0.02-512.2.el10_0.noarch                                     
DEBUG util.py:463:    perl-parent-1:0.241-512.el10.noarch                                           
DEBUG util.py:463:    perl-podlators-1:5.01-511.el10.noarch                                         
DEBUG util.py:463:    perl-vars-1.05-512.2.el10_0.noarch                                            
DEBUG util.py:463:    pesign-116-6.el10.aarch64                                                     
DEBUG util.py:463:    python3-3.12.9-2.el10_0.2.aarch64                                             
DEBUG util.py:463:    python3-libs-3.12.9-2.el10_0.2.aarch64                                        
DEBUG util.py:463:    python3-pip-wheel-23.3.2-7.el10.noarch                                        
DEBUG util.py:463:    tzdata-2025b-1.el10.noarch                                                    
DEBUG util.py:463:    zlib-ng-compat-devel-2.2.3-1.el10.aarch64                                     
DEBUG util.py:463:  Complete!
DEBUG util.py:610:  Child return code was: 0
DEBUG util.py:185:  kill orphans in chroot /mnt/build/mock/rhel-10.0-z-build-14019966-8969049/root
DEBUG util.py:636:  child environment: None
DEBUG util.py:558:  Executing command: ['/bin/umount', '-n', '-l', '/mnt/build/mock/rhel-10.0-z-build-14019966-8969049/root/sys/fs/selinux'] with env {'TERM': 'vt100', 'SHELL': '/bin/sh', 'HOME': '/builddir', 'HOSTNAME': 'mock', 'PATH': '/usr/bin:/bin:/usr/sbin:/sbin', 'LANG': 'C.UTF-8'} and shell False
DEBUG util.py:610:  Child return code was: 0
DEBUG util.py:636:  child environment: None
DEBUG util.py:558:  Executing command: ['/bin/umount', '-n', '/mnt/build/mock/rhel-10.0-z-build-14019966-8969049/root/proc/filesystems'] with env {'TERM': 'vt100', 'SHELL': '/bin/sh', 'HOME': '/builddir', 'HOSTNAME': 'mock', 'PATH': '/usr/bin:/bin:/usr/sbin:/sbin', 'LANG': 'C.UTF-8'} and shell False
DEBUG util.py:610:  Child return code was: 0
DEBUG util.py:636:  child environment: None
DEBUG util.py:558:  Executing command: ['/bin/umount', '-n', '-l', '/mnt/build/mock/rhel-10.0-z-build-14019966-8969049/root/dev/pts'] with env {'TERM': 'vt100', 'SHELL': '/bin/sh', 'HOME': '/builddir', 'HOSTNAME': 'mock', 'PATH': '/usr/bin:/bin:/usr/sbin:/sbin', 'LANG': 'C.UTF-8'} and shell False
DEBUG util.py:610:  Child return code was: 0
DEBUG util.py:636:  child environment: None
DEBUG util.py:558:  Executing command: ['/bin/umount', '-n', '-l', '/mnt/build/mock/rhel-10.0-z-build-14019966-8969049/root/dev/shm'] with env {'TERM': 'vt100', 'SHELL': '/bin/sh', 'HOME': '/builddir', 'HOSTNAME': 'mock', 'PATH': '/usr/bin:/bin:/usr/sbin:/sbin', 'LANG': 'C.UTF-8'} and shell False
DEBUG util.py:610:  Child return code was: 0
DEBUG util.py:636:  child environment: None
DEBUG util.py:558:  Executing command: ['/bin/umount', '-n', '-l', '/mnt/build/mock/rhel-10.0-z-build-14019966-8969049/root/sys'] with env {'TERM': 'vt100', 'SHELL': '/bin/sh', 'HOME': '/builddir', 'HOSTNAME': 'mock', 'PATH': '/usr/bin:/bin:/usr/sbin:/sbin', 'LANG': 'C.UTF-8'} and shell False
DEBUG util.py:610:  Child return code was: 0
DEBUG util.py:636:  child environment: None
DEBUG util.py:558:  Executing command: ['/bin/umount', '-n', '-l', '/mnt/build/mock/rhel-10.0-z-build-14019966-8969049/root/sys'] with env {'TERM': 'vt100', 'SHELL': '/bin/sh', 'HOME': '/builddir', 'HOSTNAME': 'mock', 'PATH': '/usr/bin:/bin:/usr/sbin:/sbin', 'LANG': 'C.UTF-8'} and shell False
DEBUG util.py:610:  Child return code was: 0
DEBUG util.py:636:  child environment: None
DEBUG util.py:558:  Executing command: ['/bin/umount', '-n', '-l', '/mnt/build/mock/rhel-10.0-z-build-14019966-8969049/root/proc'] with env {'TERM': 'vt100', 'SHELL': '/bin/sh', 'HOME': '/builddir', 'HOSTNAME': 'mock', 'PATH': '/usr/bin:/bin:/usr/sbin:/sbin', 'LANG': 'C.UTF-8'} and shell False
DEBUG util.py:610:  Child return code was: 0
DEBUG util.py:636:  child environment: None
DEBUG util.py:558:  Executing command: ['/bin/umount', '-n', '-l', '/mnt/build/mock/rhel-10.0-z-build-14019966-8969049/root/proc'] with env {'TERM': 'vt100', 'SHELL': '/bin/sh', 'HOME': '/builddir', 'HOSTNAME': 'mock', 'PATH': '/usr/bin:/bin:/usr/sbin:/sbin', 'LANG': 'C.UTF-8'} and shell False
DEBUG util.py:610:  Child return code was: 0
DEBUG util.py:636:  child environment: None
DEBUG util.py:558:  Executing command: rpm -qa --root '/mnt/build/mock/rhel-10.0-z-build-14019966-8969049/root' --qf '%{nevra} %{buildtime} %{size} %{pkgid} installed\n' with env {'TERM': 'vt100', 'SHELL': '/bin/sh', 'HOME': '/builddir', 'HOSTNAME': 'mock', 'PATH': '/usr/bin:/bin:/usr/sbin:/sbin', 'LANG': 'C.UTF-8'} and shell True
DEBUG util.py:463:  setup-2.14.5-4.el10.noarch 1730235107 737724 725a02def1bc12e88eeebf60d63434a9 installed
DEBUG util.py:463:  publicsuffix-list-dafsa-20240107-5.el10.noarch 1730231967 69171 abbbfc5fbe6b54d9f308a8204bf44ad7 installed
DEBUG util.py:463:  package-notes-srpm-macros-0.5-13.el10.noarch 1730227530 1601 ea6dff0b41e3b0c6fe584899e7a7fc30 installed
DEBUG util.py:463:  glibc-gconv-extra-2.39-46.el10_0.aarch64 1753435158 19469110 4bfafd8de868e389cf70c7f7f64dc856 installed
DEBUG util.py:463:  ncurses-libs-6.4-14.20240127.el10.aarch64 1730231638 1236687 59ed1adcc71b35ca0bd3809ec07e0590 installed
DEBUG util.py:463:  xz-libs-1:5.6.2-4.el10_0.aarch64 1747138967 207051 8ace87a10824f044f35c12dbc5661c17 installed
DEBUG util.py:463:  popt-1.19-8.el10.aarch64 1730236148 148338 7423383b9b4a0f447b3a0b20fb41a734 installed
DEBUG util.py:463:  libacl-2.3.2-4.el10.aarch64 1730215340 69658 51398ab99ab9fcee8aff08a271748200 installed
DEBUG util.py:463:  crypto-policies-20250214-1.gitfd9b9b9.el10_0.1.noarch 1752580492 112308 3d2ef7512cc8403f19eaed9660d67529 installed
DEBUG util.py:463:  mpfr-4.2.1-5.el10.aarch64 1730228894 772941 2053d311dfa04b81256193decca2c58d installed
DEBUG util.py:463:  file-5.45-7.el10.aarch64 1730217334 142799 3582d54b9f754fa07aa9d85a561f6ece installed
DEBUG util.py:463:  audit-libs-4.0.3-1.el10.aarch64 1737024345 425169 9128eeba8a42cc7beb477e3bd97ab7d8 installed
DEBUG util.py:463:  libsepol-3.8-1.el10.aarch64 1738263411 829163 68c52c2fe8cede5ab3891f889d909155 installed
DEBUG util.py:463:  libidn2-2.3.7-3.el10.aarch64 1730225304 337010 e318abe68e09f95b09f5b4823c819bd6 installed
DEBUG util.py:463:  libselinux-3.8-2.el10_0.aarch64 1748609012 205909 053703fe1cabaaf03e103799163431d8 installed
DEBUG util.py:463:  xz-1:5.6.2-4.el10_0.aarch64 1747138967 1338904 9b37f8e3e5cfc6b166a072c801bdc78a installed
DEBUG util.py:463:  shadow-utils-2:4.15.0-5.el10.aarch64 1730711585 4785603 48185537efc2754e2acc773e7d62d2c0 installed
DEBUG util.py:463:  libpsl-0.21.5-6.el10.aarch64 1730226111 135760 c934823b87ed063ae1fd49f06f017b2b installed
DEBUG util.py:463:  libfdisk-2.40.2-10.el10.aarch64 1739465363 428858 6b904d606754c1e0cb5e2569259a0092 installed
DEBUG util.py:463:  ed-1.20-5.el10.aarch64 1730217025 158052 0402817f00b398144eeb89b8443bd271 installed
DEBUG util.py:463:  diffutils-3.10-8.el10.aarch64 1730217121 1678074 b39d35f568c3722a090d5ae91434ed2c installed
DEBUG util.py:463:  libcom_err-1.47.1-3.el10.aarch64 1730220825 113921 8020a5cd2c6664c443b2854c2d560c46 installed
DEBUG util.py:463:  libgomp-14.2.1-7.el10.aarch64 1737518003 505830 e12559bc5087712433c37d90e5684632 installed
DEBUG util.py:463:  pkgconf-pkg-config-2.1.0-3.el10.aarch64 1730235874 990 f5b83a4e922fe0cba826ae0434aa026d installed
DEBUG util.py:463:  coreutils-common-9.5-6.el10.aarch64 1732618505 11696153 80c4e6de1601a996270cb68b862b91dc installed
DEBUG util.py:463:  coreutils-9.5-6.el10.aarch64 1732618505 8047554 f89fef155f3385bf4c8ae7b1660d1876 installed
DEBUG util.py:463:  cracklib-2.9.11-8.el10.aarch64 1730216700 433437 69cf488c2a9fc1175f583fc69a4a23c6 installed
DEBUG util.py:463:  cracklib-dicts-2.9.11-8.el10.aarch64 1730216700 9815811 5e219764f407c843854316fe7c146122 installed
DEBUG util.py:463:  libevent-2.1.12-16.el10.aarch64 1730224575 1134482 aed7e25b1ccaa008632c89658206302a installed
DEBUG util.py:463:  elfutils-debuginfod-client-0.192-6.el10_0.aarch64 1742085644 147206 8a8b35f7ee4c4f9edf4fefff196ec3b6 installed
DEBUG util.py:463:  gdb-minimal-14.2-4.1.el10_0.aarch64 1747927783 11286446 c0b5c559c1bcc0a9193fb9b9db549194 installed
DEBUG util.py:463:  rpm-4.19.1.1-12.el10.aarch64 1738940406 4302590 c34c7dce45c0c271b1340372b0a714a0 installed
DEBUG util.py:463:  lua-srpm-macros-1-15.el10.noarch 1730223650 1367 6015a6c8b4c8111e870b4ef353a7654a installed
DEBUG util.py:463:  python-srpm-macros-3.12-9.1.el10.noarch 1730237450 51802 60743f18aad26ebb99ef85b3f12bd984 installed
DEBUG util.py:463:  util-linux-2.40.2-10.el10.aarch64 1739465363 7096782 85403e64307127d86f6f85361d538da0 installed
DEBUG util.py:463:  make-1:4.4.1-9.el10.aarch64 1731010314 1933247 4166dbfe06d56debd157e31fc533e8df installed
DEBUG util.py:463:  expat-2.7.1-1.el10_0.aarch64 1743419944 362580 f16db386c470c541b687fa5f57adc120 installed
DEBUG util.py:463:  nss-3.112.0-4.el10_0.aarch64 1754628781 1924242 3bd39081f66b10a02b360c3f5d92192a installed
DEBUG util.py:463:  python3-pip-wheel-23.3.2-7.el10.noarch 1730233268 1600290 2501771cba00808f67787cde9579918f installed
DEBUG util.py:463:  python3-3.12.9-2.el10_0.2.aarch64 1751027414 85337 dc89114abfcf4a118f3429c3a33727ed installed
DEBUG util.py:463:  libedit-3.1-52.20230828cvs.el10.aarch64 1730224262 286606 93894d64c5c94613a8024afd30193b74 installed
DEBUG util.py:463:  libatomic-14.2.1-7.el10.aarch64 1737518003 67658 079e62c612215823440ff8ba8c6866d6 installed
DEBUG util.py:463:  git-core-doc-2.47.3-1.el10_0.noarch 1752152454 15253907 5505c006aa2044cc5ee95ecf19aaf17a installed
DEBUG util.py:463:  gcc-14.2.1-7.el10.aarch64 1737518003 103589206 ac3055e276f1a37df6e795341619312a installed
DEBUG util.py:463:  perl-B-0:1.89-512.2.el10_0.aarch64 1752185248 554980 efafc73d765ea8c1dc681609c28f094d installed
DEBUG util.py:463:  perl-AutoLoader-0:5.74-512.2.el10_0.noarch 1752185248 21029 efcc86192a9e8df847ccae32f82a6a84 installed
DEBUG util.py:463:  perl-if-0:0.61.000-512.2.el10_0.noarch 1752185248 5948 9d32ce3ec4b2262376f25d32eb7c4351 installed
DEBUG util.py:463:  perl-File-Path-2.18-511.el10.noarch 1730229670 65002 808be7eff3f7564f1ddbba7843e44324 installed
DEBUG util.py:463:  perl-Class-Struct-0:0.68-512.2.el10_0.noarch 1752185248 25968 280516ca7d3f22bff67d200b52df0884 installed
DEBUG util.py:463:  perl-File-Temp-1:0.231.100-512.el10.noarch 1730229662 166172 18f6fcfffae3e3a05849970957514031 installed
DEBUG util.py:463:  perl-Socket-4:2.038-511.el10.aarch64 1730235616 147505 ec00a380dfc117df4f5ad05c3fd6c716 installed
DEBUG util.py:463:  perl-podlators-1:5.01-511.el10.noarch 1730230953 315477 0942d7a2dd1e55a874cf085c2002c0ef installed
DEBUG util.py:463:  perl-base-0:2.27-512.2.el10_0.noarch 1752185248 12844 604ee6331c5f26be0e1ef5febe4cf8a7 installed
DEBUG util.py:463:  perl-Pod-Usage-4:2.03-511.el10.noarch 1730230620 86712 4987709d0de360e0ae6caadfa053e03a installed
DEBUG util.py:463:  perl-MIME-Base64-3.16-511.el10.aarch64 1730235630 96372 e9ab0f50b66131b377079e8657696421 installed
DEBUG util.py:463:  perl-overload-0:1.37-512.2.el10_0.noarch 1752185248 73252 b2cb03229c9a2e59edf5ae0be5b0876f installed
DEBUG util.py:463:  perl-Carp-1.54-511.el10.noarch 1730228427 47652 d7c615e7c7f49461065a1fa7b45f0330 installed
DEBUG util.py:463:  perl-Encode-4:3.21-511.el10.aarch64 1730234920 5063306 5e8c3f34acdb66bc45ae1e8a2419f665 installed
DEBUG util.py:463:  perl-File-Find-0:1.44-512.2.el10_0.noarch 1752185248 42951 2a1eb03266241a50c415c9cc5ad9e386 installed
DEBUG util.py:463:  git-2.47.3-1.el10_0.aarch64 1752152454 87295 5066e74d003c8153cbf9171b6c334a45 installed
DEBUG util.py:463:  annobin-docs-12.92-1.el10.noarch 1739533469 101230 97391646f92d31bbdc7651144b54b3c8 installed
DEBUG util.py:463:  gcc-plugin-annobin-14.2.1-7.el10.aarch64 1737518003 68635 32246a080cc0018eb1c4f10359f3cdc2 installed
DEBUG util.py:463:  libgcc-14.2.1-7.el10.aarch64 1737518003 224132 e9a86187c80af04544fb5a7fb7b27d16 installed
DEBUG util.py:463:  redhat-release-10.0-32.el10.aarch64 1744379061 67842 adf930981ae2ebb57fde20d1965f572e installed
DEBUG util.py:463:  filesystem-3.18-16.el10.aarch64 1730218228 106 4724bf614ae9fd6547f4805a5ccee4ce installed
DEBUG util.py:463:  qt6-srpm-macros-6.8.1-3.el10.noarch 1733849672 456 9241027950cb6ada8dbd138ac104bea0 installed
DEBUG util.py:463:  pkgconf-m4-2.1.0-3.el10.noarch 1730235874 14252 cb3d944c02ccd50586a1869e07788696 installed
DEBUG util.py:463:  pcre2-syntax-10.44-1.el10.3.noarch 1730234580 257634 c2c71fd322ff4f41524d9e3c709981f8 installed
DEBUG util.py:463:  openblas-srpm-macros-2-19.el10.noarch 1730227224 112 455354d998a41343ef974a881f5e4bf0 installed
DEBUG util.py:463:  ncurses-base-6.4-14.20240127.el10.noarch 1730231638 334036 c43bf61f6cbf4a661554fbf55e2f94e3 installed
DEBUG util.py:463:  glibc-minimal-langpack-2.39-46.el10_0.aarch64 1753435158 0 33d7671f153e757690a4511ca1f35f25 installed
DEBUG util.py:463:  glibc-2.39-46.el10_0.aarch64 1753435158 6140553 3d19ac232d5639a778ddde44472b9635 installed
DEBUG util.py:463:  bash-5.2.26-6.el10.aarch64 1730214037 8565623 6cd6ba0c84bfcecb5694ac4aa26ed406 installed
DEBUG util.py:463:  bzip2-libs-1.0.8-25.el10.aarch64 1737039344 72828 bd192fb03e831d732c7289b808e7167e installed
DEBUG util.py:463:  readline-8.2-11.el10.aarch64 1730237596 574669 958f72fef1b7e05defe742fe89a6cffc installed
DEBUG util.py:463:  libuuid-2.40.2-10.el10.aarch64 1739465363 71029 fc71d282bffe0127dd26d56c8ef5c31e installed
DEBUG util.py:463:  libblkid-2.40.2-10.el10.aarch64 1739465363 297442 06d7e549fcaede7346f0f3b1eaa53038 installed
DEBUG util.py:463:  libattr-2.5.2-5.el10.aarch64 1730215703 70189 18c70794012ab809a8bfd165dfc1e0dd installed
DEBUG util.py:463:  libxcrypt-4.4.36-10.el10.aarch64 1730227422 277437 eb65d43299e0f7ce9d86bb6fe9eefd88 installed
DEBUG util.py:463:  elfutils-libelf-0.192-6.el10_0.aarch64 1742085644 1244912 6389200311bb68ede345bcd5779a009e installed
DEBUG util.py:463:  gdbm-libs-1:1.23-12.el10_0.aarch64 1743113283 239562 9e5a39efda19eceaa1f4118ab0c64642 installed
DEBUG util.py:463:  dwz-0.15-7.el10.aarch64 1719245646 330476 7848d8f20adeb3e61ac075c1d006cc90 installed
DEBUG util.py:463:  gawk-5.3.0-6.el10.aarch64 1730253467 2553564 0ffcb3c8fd9fbbad8dcb204ae2705214 installed
DEBUG util.py:463:  file-libs-5.45-7.el10.aarch64 1730217334 10443086 b9eb7fe3fd9a636c128023621e5720f4 installed
DEBUG util.py:463:  alternatives-1.30-2.el10.aarch64 1730215979 92457 bfc71683caf47fabad0d66e530390c9d installed
DEBUG util.py:463:  libcap-ng-0.8.4-6.el10.aarch64 1730223714 164995 e9182a728cf997abfff5bff16d411407 installed
DEBUG util.py:463:  pam-libs-1.6.1-7.el10.aarch64 1732184028 228143 9ae419cd5f066f12b9d3363ec1e78ae9 installed
DEBUG util.py:463:  systemd-libs-257-9.el10_0.1.aarch64 1741609930 2511626 7391bf110c5fd0fbd48b786ecdaeb416 installed
DEBUG util.py:463:  libsmartcols-2.40.2-10.el10.aarch64 1739465363 229762 007064741b4432add6a38ca7b62e3545 installed
DEBUG util.py:463:  libunistring-1.1-10.el10.aarch64 1730227304 1829141 adce048633a10085f6f3f02503beb33e installed
DEBUG util.py:463:  lua-libs-5.4.6-7.el10.aarch64 1730227846 336915 7eac00f9449e9033ac709869f9c88d74 installed
DEBUG util.py:463:  pcre2-10.44-1.el10.3.aarch64 1730234580 665002 f8a5983df998402030f1b12c6274688d installed
DEBUG util.py:463:  sed-4.9-3.el10.aarch64 1730239920 894337 388b997f6e8ecd4867a989f9dbb6ee92 installed
DEBUG util.py:463:  grep-3.11-10.el10.aarch64 1730221517 1074802 601d914ca2e059029830d40e913f62e9 installed
DEBUG util.py:463:  libmount-2.40.2-10.el10.aarch64 1739465363 364274 00ff7c5657a54cdfdab63b3e32ecb610 installed
DEBUG util.py:463:  libsemanage-3.8.1-1.el10_0.aarch64 1741335820 303067 ffa457b9d447913171b7a42c649870c8 installed
DEBUG util.py:463:  libutempter-1.2.1-15.el10.aarch64 1730227028 165609 7aa484463880b6b8e3674ba39b618a0e installed
DEBUG util.py:463:  zstd-1.5.5-9.el10.aarch64 1730243511 1501213 50dc38878abcfcd9babd5f8c3f27cc12 installed
DEBUG util.py:463:  zip-3.0-44.el10.aarch64 1738141156 713543 2886bcb014f8a207f3fc3147ab6a0aac installed
DEBUG util.py:463:  gdbm-1:1.23-12.el10_0.aarch64 1743113283 556959 fcdd78d445f8bdf8991bab6fef2fab2e installed
DEBUG util.py:463:  libxml2-2.12.5-9.el10_0.aarch64 1754473822 1848339 ca91553963918d61dff44aabba972046 installed
DEBUG util.py:463:  sqlite-libs-3.46.1-5.el10_0.aarch64 1753119741 1568280 f47712f57abc87815483974976a344fc installed
DEBUG util.py:463:  patch-2.7.6-26.el10.aarch64 1730234688 268826 ebd0da13594dc07149290a6199f5e15c installed
DEBUG util.py:463:  cpio-2.15-3.el10.aarch64 1730216902 1142224 8ccb632968a1ad5880064d878c6fa207 installed
DEBUG util.py:463:  json-c-0.18-3.el10.aarch64 1730888406 142058 950c3ed5416571f27630710276ebfa12 installed
DEBUG util.py:463:  libbrotli-1.1.0-6.el10.aarch64 1730215828 931530 739fb61193354a5a7af85c633ccbe822 installed
DEBUG util.py:463:  libffi-3.4.4-9.el10.aarch64 1730308897 157168 7e3f2c832f33f1882542ee470d909e9a installed
DEBUG util.py:463:  p11-kit-trust-0.25.5-7.el10.aarch64 1730453924 474620 67f7057796338440dff0b67c7487e292 installed
DEBUG util.py:463:  libnghttp2-1.64.0-2.el10.aarch64 1730232398 202924 6346da6d6951ab054c0296377722a9df installed
DEBUG util.py:463:  pkgconf-2.1.0-3.el10.aarch64 1730235874 113010 3d14f592ef0c9e6fbcb88538d58d2547 installed
DEBUG util.py:463:  libverto-0.3.2-10.el10.aarch64 1730227096 71165 69596eb0469ae0faab12f864c8e037c4 installed
DEBUG util.py:463:  kernel-srpm-macros-1.0-25.el10.noarch 1730221054 1949 2b501fd775ab1683079122625b758439 installed
DEBUG util.py:463:  openssl-fips-provider-so-3.0.7-6.el10.aarch64 1715093855 1134522 946c91b80ff69a68ac91a24a1a1fa627 installed
DEBUG util.py:463:  openssl-libs-1:3.2.2-16.el10_0.4.aarch64 1753986409 5433824 9ee5acfcd05ecdaccd60ea34c5830d64 installed
DEBUG util.py:463:  ca-certificates-2024.2.69_v8.0.303-102.3.el10.noarch 1730215861 2701731 1e7337bcfb582051f93a87d7104a5979 installed
DEBUG util.py:463:  gzip-1.13-3.el10.aarch64 1730221813 435034 eda95cbd407face6cd19f6e9f46af7b9 installed
DEBUG util.py:463:  krb5-libs-1.21.3-8.el10_0.aarch64 1746462767 2711141 05d4f745bd5758e928ec63351580b909 installed
DEBUG util.py:463:  libssh-0.11.1-1.el10.aarch64 1730103063 599651 e8abdc1e874321186b3d664807f156a8 installed
DEBUG util.py:463:  libpwquality-1.4.5-12.el10.aarch64 1730226205 624386 7c38328c047cd731ac54875dc1b2d486 installed
DEBUG util.py:463:  pam-1.6.1-7.el10.aarch64 1732184028 4433629 ec1a93af7312192b0acde843eb00f394 installed
DEBUG util.py:463:  openldap-2.6.8-3.el10.aarch64 1739381546 512949 e8293952df91b88064e48a9986a25370 installed
DEBUG util.py:463:  elfutils-libs-0.192-6.el10_0.aarch64 1742085644 764157 a7ebc424ab424ef49dd42c4685ece00a installed
DEBUG util.py:463:  binutils-gold-2.41-53.el10.aarch64 1738942508 2828699 f7a2957a936f342bbbe5dbc4d90da476 installed
DEBUG util.py:463:  elfutils-0.192-6.el10_0.aarch64 1742085644 3216773 ac46a4c6dfc1df6e355fe3b382aa6741 installed
DEBUG util.py:463:  debugedit-5.1-5.el10_0.aarch64 1741033603 250354 1cabb114fdbe95f05c9ad89f21325145 installed
DEBUG util.py:463:  rpm-sequoia-1.6.0-6.el10.aarch64 1731509442 2141634 1ce67b0c2098374e9143e6be0dae30cd installed
DEBUG util.py:463:  rpm-libs-4.19.1.1-12.el10.aarch64 1738940406 751072 05d104e2a2b2d012cd46e8062fd1963b installed
DEBUG util.py:463:  efi-srpm-macros-6-6.el10.noarch 1734101974 41044 d88e71994f52c175453848e0d7148b3c installed
DEBUG util.py:463:  fonts-srpm-macros-1:2.0.5-18.el10.noarch 1730216904 57184 aa75f9cbd2030a4511ffc9a7ad433675 installed
DEBUG util.py:463:  go-srpm-macros-3.6.0-4.el10.noarch 1730221149 61912 09a1421bbc2968b0b2e4699af221f11d installed
DEBUG util.py:463:  redhat-rpm-config-289-1.el10_0.1.noarch 1753761361 187999 cb1b4ff3b570ff2569c27681c3170027 installed
DEBUG util.py:463:  pyproject-srpm-macros-1.16.2-1.el10.noarch 1731589213 1952 afee800cc11b860bb72f8b9ed346f134 installed
DEBUG util.py:463:  redhat-ca-certificate-1.1.0-2.el8eng.noarch 1593535955 1517 11c6ee4bf868dbdf4cdccf6017b6580d installed
DEBUG util.py:463:  info-7.1-6.el10.aarch64 1733219505 431306 067bc7ceacbd5312cdd93a1805c8a0db installed
DEBUG util.py:463:  nspr-4.36.0-4.el10_0.aarch64 1754628781 428456 48e090985e051e9ee330d17ab938d471 installed
DEBUG util.py:463:  libmpc-1.3.1-7.el10.aarch64 1730225362 156412 2bb0845d5a02a6aea96f9be74e7ed913 installed
DEBUG util.py:463:  cpp-14.2.1-7.el10.aarch64 1737518003 37600889 51a1293e65c397a9362dbecc6861b945 installed
DEBUG util.py:463:  nss-softokn-3.112.0-4.el10_0.aarch64 1754628781 1381699 45904a5f0633da08f55765caf493257c installed
DEBUG util.py:463:  nss-sysinit-3.112.0-4.el10_0.aarch64 1754628781 71752 6052187592568fb2dac1d9a05707d0dc installed
DEBUG util.py:463:  tzdata-2025b-1.el10.noarch 1742921868 1664708 411cffecdec1273d7cf13cc17428d0fb installed
DEBUG util.py:463:  openssh-9.9p1-7.el10_0.aarch64 1739900911 1444155 c68c9f2d11abb2897693aa108c382be8 installed
DEBUG util.py:463:  mpdecimal-2.5.1-12.el10.aarch64 1730229407 205647 9c031a9807be1bd5a6fb924eca13fb11 installed
DEBUG util.py:463:  python3-libs-3.12.9-2.el10_0.2.aarch64 1751027414 45401976 128f781781b4559c4f922d3ea617ff3c installed
DEBUG util.py:463:  libubsan-14.2.1-7.el10.aarch64 1737518003 471712 60bf2dbe08906f3232d9922c3bfda97b installed
DEBUG util.py:463:  libcbor-0.11.0-3.el10.aarch64 1730736662 75727 45a9954945b30279e3ceb4f69acd8be3 installed
DEBUG util.py:463:  openssh-clients-9.9p1-7.el10_0.aarch64 1739900911 2949830 cd64b13bdcffde715f2992d17430d5fc installed
DEBUG util.py:463:  libasan-14.2.1-7.el10.aarch64 1737518003 1651142 215179160686ab4ca55ca37abb38a723 installed
DEBUG util.py:463:  git-core-2.47.3-1.el10_0.aarch64 1752152454 23456547 3c9b358030f3c043e50a4ba73a5fff8d installed
DEBUG util.py:463:  kernel-headers-6.12.0-55.30.1.el10_0.aarch64 1756099211 7229437 694f73f53664b384545e43ad8d80d255 installed
DEBUG util.py:463:  glibc-devel-2.39-46.el10_0.aarch64 1753435158 2284609 cc5a9080a5e7d8bee109be019af213cd installed
DEBUG util.py:463:  groff-base-1.23.0-10.el10.aarch64 1730221423 4368190 f4dffb222a6660f7f92fd77e5736f3cd installed
DEBUG util.py:463:  perl-Digest-MD5-2.59-6.el10.aarch64 1730235352 106288 f08b1685f2d6381608483d8f488ed7e4 installed
DEBUG util.py:463:  perl-FileHandle-0:2.05-512.2.el10_0.noarch 1752185248 9568 aeab2de2a8975526bb8eafc249717209 installed
DEBUG util.py:463:  perl-libnet-3.15-512.el10.noarch 1730230386 295890 1557a59548a6e5e4928b20b02afeaeb2 installed
DEBUG util.py:463:  perl-URI-5.27-3.el10.noarch 1730231694 245507 b9fbbf54981588cffdb3e5541695d5af installed
DEBUG util.py:463:  perl-Mozilla-CA-20231213-5.el10.noarch 1730230225 9370 4f6ee60bb11ba59927588f3c3060025c installed
DEBUG util.py:463:  perl-locale-0:1.12-512.2.el10_0.noarch 1752185248 6653 22cab23920ccfbbfd03b6f84b78e127a installed
DEBUG util.py:463:  perl-Time-Local-2:1.350-511.el10.noarch 1730231613 70554 fed414cc7d00c09b6fa74523702b1186 installed
DEBUG util.py:463:  perl-IO-Socket-SSL-2.085-3.el10.noarch 1730229993 701396 75a7efbaf7d81c19af5ce1e7af5528bf installed
DEBUG util.py:463:  perl-Pod-Escapes-1:1.07-511.el10.noarch 1730230865 25476 cce898f23349e2e185aa6a3663fdc161 installed
DEBUG util.py:463:  perl-Term-ANSIColor-5.01-512.el10.noarch 1730231260 99820 f796cf9d37520a0bd413a92c8b165797 installed
DEBUG util.py:463:  perl-IPC-Open3-0:1.22-512.2.el10_0.noarch 1752185248 22995 042f40fbe9689b982ea54abca65901cf installed
DEBUG util.py:463:  perl-HTTP-Tiny-0.088-512.el10.noarch 1730229848 155788 396cce5f748b683358bc9a015d46e6a2 installed
DEBUG util.py:463:  perl-Pod-Simple-1:3.45-511.el10.noarch 1730230537 573280 55b5067ed764a27027e8103efa06aa4f installed
DEBUG util.py:463:  perl-SelectSaver-0:1.02-512.2.el10_0.noarch 1752185248 2220 f42b2ef1e873d4442f8e4b1cedc3db4d installed
DEBUG util.py:463:  perl-File-stat-0:1.14-512.2.el10_0.noarch 1752185248 12808 3f67aa9eebf23a75617a93ab7de67858 installed
DEBUG util.py:463:  perl-Pod-Perldoc-3.28.01-512.el10.noarch 1730230763 166972 e0d8ae55357c92079b4d3af886f3f6cd installed
DEBUG util.py:463:  perl-Text-ParseWords-3.31-511.el10.noarch 1730231036 13839 0a374edeeee4c6c828139804442f8528 installed
DEBUG util.py:463:  perl-mro-0:1.29-512.2.el10_0.aarch64 1752185248 83516 0046dbf48de36c5d8b3ede7debd31b03 installed
DEBUG util.py:463:  perl-overloading-0:0.02-512.2.el10_0.noarch 1752185248 4961 18474a6624232d8a63f7be78616e5409 installed
DEBUG util.py:463:  perl-Errno-0:1.38-512.2.el10_0.aarch64 1752185248 8533 6d8161aa4917a451177605fff2a5487b installed
DEBUG util.py:463:  perl-Getopt-Std-0:1.14-512.2.el10_0.noarch 1752185248 11449 93ba41904f8a86a1e2d3695bef46f6fd installed
DEBUG util.py:463:  perl-Scalar-List-Utils-5:1.63-511.el10.aarch64 1730235614 153094 962ff593aa1110a5b30fa3e4ed4516e6 installed
DEBUG util.py:463:  perl-Storable-1:3.32-511.el10.aarch64 1730235693 250250 19c91dbc1df652530ee46c94c7cc94a0 installed
DEBUG util.py:463:  perl-parent-1:0.241-512.el10.noarch 1730230879 9959 d596e368b1c052719df4cf3582a57863 installed
DEBUG util.py:463:  perl-Getopt-Long-1:2.58-3.el10.noarch 1730229559 147853 11be29db04562b7b923baf115de10c51 installed
DEBUG util.py:463:  perl-Exporter-5.78-511.el10.noarch 1730228979 55539 525a9bbe52282ee7b862acaea3261160 installed
DEBUG util.py:463:  perl-DynaLoader-0:1.56-512.2.el10_0.aarch64 1752185248 32841 67a0b16b723b755e1a1422a4d5aa4296 installed
DEBUG util.py:463:  perl-libs-4:5.40.2-512.2.el10_0.aarch64 1752185248 10393471 74c3d64e2ea134311e3ec5f76ff03a77 installed
DEBUG util.py:463:  perl-Error-1:0.17029-18.el10.noarch 1730229224 79070 97effa4be0fd5dcb56c2f90568802e1c installed
DEBUG util.py:463:  perl-TermReadKey-2.38-24.el10.aarch64 1730235694 110686 2958066ad71499eced2d978ebf5126d0 installed
DEBUG util.py:463:  perl-Git-2.47.3-1.el10_0.noarch 1752152454 65474 2734331a7b69b3ccf465d3f1cbf1679a installed
DEBUG util.py:463:  efivar-libs-39-3.el10.aarch64 1730216693 409866 2c22e3e23b3ca67c4d9b9faa1d926d88 installed
DEBUG util.py:463:  zlib-ng-compat-devel-2.2.3-1.el10.aarch64 1736848558 109541 237276b924297bc2fe652e594ad39c61 installed
DEBUG util.py:463:  annobin-plugin-gcc-12.92-1.el10.aarch64 1739533469 1029201 8ccfff9191a29bb5fc3b480ac84385fb installed
DEBUG util.py:463:  pesign-116-6.el10.aarch64 1730231896 1022918 d89f1911bd8af888c8e349ac9c225e24 installed
DEBUG util.py:463:  openssl-devel-1:3.2.2-16.el10_0.4.aarch64 1753986409 4489318 ea0bd8d8ce3feb3c5d498ba2d48ae1c8 installed
DEBUG util.py:463:  dos2unix-7.5.2-3.el10.aarch64 1730216926 884372 7637fc1fbaa19b98e1689c856e66ee73 installed
DEBUG util.py:463:  rust-toolset-srpm-macros-1.84.1-1.el10.noarch 1738880224 2058 eb71cff82f1f7c9d3cdf7e44b6216eca installed
DEBUG util.py:463:  basesystem-11-22.el10.noarch 1730215640 0 8a4d40cfa4e057db573efe33fc85f24b installed
DEBUG util.py:463:  perl-srpm-macros-1-57.el10.noarch 1730231247 861 5396cb15cabcfe1155bc2cc8ec271fbd installed
DEBUG util.py:463:  ocaml-srpm-macros-10-4.el10.noarch 1730227108 1959 0382105315670c212123a0ba8bf5ad1c installed
DEBUG util.py:463:  glibc-common-2.39-46.el10_0.aarch64 1753435158 1367401 e5ad54f9f532466cf1950cafa8d57200 installed
DEBUG util.py:463:  zlib-ng-compat-2.2.3-1.el10.aarch64 1736848558 133616 d5254f8fafaa849cbe2b252c6998a0d1 installed
DEBUG util.py:463:  libstdc++-14.2.1-7.el10.aarch64 1737518003 2898454 35c6eb1e8a06f354617a5d600e4b3a7d installed
DEBUG util.py:463:  gmp-1:6.2.1-10.el10.aarch64 1730219761 672944 55f1c86f9bdd275c4191742a2cb3f336 installed
DEBUG util.py:463:  libzstd-1.5.5-9.el10.aarch64 1730243511 684038 25792b0e6502513c0794380a55130420 installed
DEBUG util.py:463:  libeconf-0.6.2-4.el10.aarch64 1730224324 79912 733b4e9ba7230e6394233bfa4666802c installed
DEBUG util.py:463:  unzip-6.0-68.el10.aarch64 1732634634 481387 db71f2319c0721c78989a686e30ff077 installed
DEBUG util.py:463:  jansson-2.14-3.el10.aarch64 1730223169 95461 1d44b1562beb1d573a65e86b4ed09192 installed
DEBUG util.py:463:  libcap-2.69-7.el10.aarch64 1730223930 519455 3a36651d70b2ebacec67fc1bf3964674 installed
DEBUG util.py:463:  libtasn1-4.20.0-1.el10.aarch64 1739768597 225595 ee7c5f90e7eacd50b6272d55a94ecfd6 installed
DEBUG util.py:463:  lz4-libs-1.9.4-8.el10.aarch64 1730227938 136627 c1b1e2ff97b8c6be4a014f0ad8e7d99a installed
DEBUG util.py:463:  findutils-1:4.10.0-5.el10.aarch64 1730217744 2004223 13dd8cd7daf8566383ffc0e5ec243133 installed
DEBUG util.py:463:  util-linux-core-2.40.2-10.el10.aarch64 1739465363 2411174 7ce976321e90e38f2ae3291d6f26668e installed
DEBUG util.py:463:  tar-2:1.35-7.el10.aarch64 1738777811 3141666 0863b32af977207c51f2f222b1732d6b installed
DEBUG util.py:463:  cyrus-sasl-lib-2.1.28-27.el10.aarch64 1733406797 929270 5b9d8de61e60d75103d66b8e6e8751e8 installed
DEBUG util.py:463:  bzip2-1.0.8-25.el10.aarch64 1737039344 172701 9cb175cde7ddae929a0b7a2e90c4aeac installed
DEBUG util.py:463:  elfutils-default-yama-scope-0.192-6.el10_0.noarch 1742085644 1810 1f2bdfe6e837f91d729a10c80dc8465a installed
DEBUG util.py:463:  keyutils-libs-1.6.3-5.el10.aarch64 1730223190 100763 61d727ea6ffec0c1540d381ef8cd2b7a installed
DEBUG util.py:463:  p11-kit-0.25.5-7.el10.aarch64 1730453924 2496677 41b5ce8a0187c0539965c24fbccceeaa installed
DEBUG util.py:463:  libpkgconf-2.1.0-3.el10.aarch64 1730235874 137289 d771c95032bc818194a13fc8495728f1 installed
DEBUG util.py:463:  libssh-config-0.11.1-1.el10.noarch 1730103063 277 168835d4d335a9e044b8b12fd6a53e3e installed
DEBUG util.py:463:  openssl-fips-provider-3.0.7-6.el10.aarch64 1715093855 251 94c66d896593bcfef8023641dc1a6f80 installed
DEBUG util.py:463:  authselect-libs-1.5.0-8.el10.aarch64 1730215950 866782 64ad917d46233d5f30437f8e6055e59f installed
DEBUG util.py:463:  libarchive-3.7.7-4.el10_0.aarch64 1755170893 932442 24e201261d8fc633b508ef101a217350 installed
DEBUG util.py:463:  authselect-1.5.0-8.el10.aarch64 1730215950 185273 6c3acc95d20c5d925de751e01ffa1074 installed
DEBUG util.py:463:  libcurl-8.9.1-5.el10.aarch64 1730299396 813174 a7955ccec34f98741d0457e6a392aa44 installed
DEBUG util.py:463:  binutils-2.41-53.el10.aarch64 1738942508 30893707 2bcf90588652d4d3db292d776f4b2209 installed
DEBUG util.py:463:  curl-8.9.1-5.el10.aarch64 1730299396 804484 2bd63ae88783fd838ace76da00620ea6 installed
DEBUG util.py:463:  rpm-build-libs-4.19.1.1-12.el10.aarch64 1738940406 203056 9d8fbd2e2308e180856858cd6158fbc5 installed
DEBUG util.py:463:  forge-srpm-macros-0.4.0-6.el10.noarch 1734556254 39882 414cd1d09e1692898c856c45dda56664 installed
DEBUG util.py:463:  rpm-build-4.19.1.1-12.el10.aarch64 1738940406 467277 53e6347f60bd2256407f0fb90f011e54 installed
DEBUG util.py:463:  which-2.21-44.el10_0.aarch64 1751381354 122930 7cd5be2761cfce6255d8d552198be91a installed
DEBUG util.py:463:  nss-util-3.112.0-4.el10_0.aarch64 1754628781 222032 85f4a18c4e53a2e76089f9e1b912216e installed
DEBUG util.py:463:  nss-softokn-freebl-3.112.0-4.el10_0.aarch64 1754628781 887486 fc1e13d0200f47f549016ae53c3539cd installed
DEBUG util.py:463:  nss-tools-3.112.0-4.el10_0.aarch64 1754628781 2051549 714d645128d91015381a857f8ebb49a8 installed
DEBUG util.py:463:  ncurses-6.4-14.20240127.el10.aarch64 1730231638 905770 fe4c18bc8bf5ee9d1bae6d9f5bbf570d installed
DEBUG util.py:463:  libzstd-devel-1.5.5-9.el10.aarch64 1730243511 202817 b4534f0ea5e924778fa1123a5b8bc741 installed
DEBUG util.py:463:  libfido2-1.14.0-7.el10.aarch64 1730224548 284612 31113599e1150709e1906a5fa17c01e8 installed
DEBUG util.py:463:  less-661-3.el10.aarch64 1730223597 562301 be9048bd355e83c03b8f6f4312bbe3e7 installed
DEBUG util.py:463:  libxcrypt-devel-4.4.36-10.el10.aarch64 1730227422 30995 ae552cef14bcbe49b6ad2901b105b3f0 installed
DEBUG util.py:463:  perl-Digest-1.20-511.el10.noarch 1730228880 36060 130cc8b3186cc5e4855f7a2c3d5eb1f8 installed
DEBUG util.py:463:  perl-Data-Dumper-2.189-512.el10.aarch64 1730235126 138966 2533386eecc641073da98966fb33d41d installed
DEBUG util.py:463:  perl-Text-Tabs+Wrap-2024.001-511.el10.noarch 1730231112 23045 f52fa9b69c56538618150e9060cc7186 installed
DEBUG util.py:463:  perl-IO-Socket-IP-0.42-512.el10.noarch 1730229858 100992 76f3121b7153b7e80f83aa6e3ca74385 installed
DEBUG util.py:463:  perl-Net-SSLeay-1.94-7.el10.aarch64 1730235797 1481924 f6c70e8fec089f9eb9ea58ac111d1d15 installed
DEBUG util.py:463:  perl-POSIX-0:2.20-512.2.el10_0.aarch64 1752185248 269433 d61514d9d1246f3ac1ea2530b967bd66 installed
DEBUG util.py:463:  perl-Term-Cap-1.18-511.el10.noarch 1730231162 29958 59bd23de7d793b81b74c207d68453a13 installed
DEBUG util.py:463:  perl-Symbol-0:1.09-512.2.el10_0.noarch 1752185248 6976 48304dbef1e901095dc2819972a8ef2f installed
DEBUG util.py:463:  perl-Fcntl-0:1.18-512.2.el10_0.aarch64 1752185248 95175 c0bbb98b084d00d52862bb86e2e2608f installed
DEBUG util.py:463:  perl-IO-0:1.55-512.2.el10_0.aarch64 1752185248 195591 2f9a924e86c14f03f1af91d1376bc888 installed
DEBUG util.py:463:  perl-File-Basename-0:2.86-512.2.el10_0.noarch 1752185248 14342 a99d780f740c1cae1950057665a39a58 installed
DEBUG util.py:463:  perl-constant-1.33-512.el10.noarch 1730228493 26840 dc6f247a4c45dd969c43ea81cbcb2bc4 installed
DEBUG util.py:463:  perl-vars-0:1.05-512.2.el10_0.noarch 1752185248 3960 4d67a3297986ae3a5a99b7d011a94239 installed
DEBUG util.py:463:  perl-PathTools-3.91-512.el10.aarch64 1737637426 227932 22a5a36799954f4fd0b02137eb6d2fda installed
DEBUG util.py:463:  perl-interpreter-4:5.40.2-512.2.el10_0.aarch64 1752185248 178418 22f7c621834ad9dcd28c33e70ed259d8 installed
DEBUG util.py:463:  perl-lib-0:0.65-512.2.el10_0.aarch64 1752185248 8710 46e8ddb71d37408d6a767e53e614363d installed
DEBUG util.py:463:  cmake-filesystem-3.30.5-3.el10_0.aarch64 1746821245 0 571584ac49897e62d2b063015d83560a installed
DEBUG util.py:463:  elfutils-libelf-devel-0.192-6.el10_0.aarch64 1742085644 50673 afaf5f1056c6825c659ef6d49a471b5e installed
DEBUG util.py:463:  openssl-1:3.2.2-16.el10_0.4.aarch64 1753986409 1708719 916743f345aeb3ccaa1c46d8bc53c4b7 installed
DEBUG util.py:610:  Child return code was: 0
DEBUG util.py:636:  child environment: None
DEBUG backend.py:821:  Copying packages to result dir
DEBUG util.py:185:  kill orphans in chroot /mnt/build/mock/rhel-10.0-z-build-14019966-8969049/root
